date,1. open,2. high,3. low,4. close,5. volume
3/25/2020 23:46,8451,8457.6504,8359.4004,8365.4004,0
3/25/2020 23:47,8363.1504,8397.7998,8347.9004,8347.9004,0
3/25/2020 23:48,8350.9004,8376.0996,8349.0498,8375.7998,0
3/25/2020 23:49,8371.4502,8380.7998,8353.5498,8354.0498,0
3/25/2020 23:50,8354.0996,8355.7002,8338.4004,8339.3496,0
3/25/2020 23:51,8336.4004,8351.1504,8309.9502,8342.1504,0
3/25/2020 23:52,8339.5498,8369.4502,8339,8358.4004,0
3/25/2020 23:53,8359.2998,8386.9502,8358.5498,8386.7002,0
3/25/2020 23:54,8386.6504,8408.4502,8386.3496,8403.9502,0
3/25/2020 23:55,8406.0996,8411.7998,8396.6504,8396.6504,0
3/25/2020 23:56,8396.8496,8397.75,8372.0996,8392.9502,0
3/25/2020 23:57,8393.1504,8412.2998,8389.7002,8411.1504,0
3/25/2020 23:58,8410.5498,8434.2002,8410.5,8433,0
3/25/2020 23:59,8432.1504,8449.7002,8431.9502,8449.2002,0
3/26/2020 0:00,8449.7002,8476.9502,8449.6504,8476.5996,0
3/26/2020 0:01,8476.9004,8503.7002,8474.7998,8476.5,0
3/26/2020 0:02,8476.2002,8476.5996,8460,8463.25,0
3/26/2020 0:03,8463.5996,8494.5996,8463.5996,8494.5996,0
3/26/2020 0:04,8492.2002,8507.2002,8489.1504,8507.0996,0
3/26/2020 0:05,8505.7998,8518.4502,8488.4004,8488.4004,0
3/26/2020 0:06,8490.0996,8498.7002,8482.3496,8496.8496,0
3/26/2020 0:07,8495.5498,8515,8495.5498,8502.0996,0
3/26/2020 0:08,8502.9004,8504.0498,8491.0996,8504.0498,0
3/26/2020 0:09,8507.0996,8508.5498,8488.7002,8493.6504,0
3/26/2020 0:10,8494.9502,8498.3496,8487.5,8487.5,0
3/26/2020 0:11,8487.4004,8487.4004,8462.4502,8480.0498,0
3/26/2020 0:12,8479.5498,8492.7998,8479.5498,8487.2002,0
3/26/2020 0:13,8486.7998,8496.2002,8484.5996,8496.2002,0
3/26/2020 0:14,8496.5498,8499.2998,8489.4004,8499.2998,0
3/26/2020 0:15,8498.6504,8513.7998,8495.7998,8513.7998,0
3/26/2020 0:16,8513.6504,8523.1504,8508.2998,8522.2002,0
3/26/2020 0:17,8521.4004,8528.9004,8521.3496,8528.9004,0
3/26/2020 0:18,8529.4502,8535.25,8523.6504,8523.6504,0
3/26/2020 0:19,8525.7002,8525.9502,8505.1504,8507.2998,0
3/26/2020 0:20,8507.3496,8509.1504,8476,8484.9502,0
3/26/2020 0:21,8483.7002,8521.5498,8483.7002,8521.5498,0
3/26/2020 0:22,8523.0498,8536.5,8519,8534.1504,0
3/26/2020 0:23,8533.7002,8538,8518.7002,8520.4004,0
3/26/2020 0:24,8519.9502,8537.8496,8519.9502,8536.75,0
3/26/2020 0:25,8539.0498,8546.5,8537.4004,8544.5996,0
3/26/2020 0:26,8545.2002,8560.25,8544.3496,8559.7002,0
3/26/2020 0:27,8560.5,8567.2998,8552.5996,8563.0996,0
3/26/2020 0:28,8560.7998,8579.5498,8559.4502,8579.1504,0
3/26/2020 0:29,8579.2998,8585.4004,8574.5498,8576.2002,0
3/26/2020 0:30,8579.5996,8606.4502,8579.5996,8605.6504,0
3/26/2020 0:31,8606.1504,8606.5,8592.2998,8592.2998,0
3/26/2020 0:32,8592.5996,8609.0996,8582.7998,8607.8496,0
3/26/2020 0:33,8608.7998,8631.75,8607.2998,8628.7998,0
3/26/2020 0:34,8628.7998,8651.8496,8627.25,8649.4004,0
3/26/2020 0:35,8649.9004,8654.7002,8620.4004,8626.7002,0
3/26/2020 0:36,8627.4004,8645.3496,8626.5498,8632.0996,0
3/26/2020 0:37,8633.0498,8633.5,8603.1504,8604.9502,0
3/26/2020 0:38,8604.9004,8633.9502,8603.4004,8624,0
3/26/2020 0:39,8625.4502,8631.2002,8620.9502,8624.8496,0
3/26/2020 0:40,8624.9502,8635.0498,8624.4004,8629.25,0
3/26/2020 0:41,8630.0498,8641.5,8627.4502,8641.5,0
3/26/2020 0:42,8640.5996,8648.75,8638.0996,8638.9502,0
3/26/2020 0:43,8638.7998,8657.7002,8638.7998,8652.7002,0
3/26/2020 0:44,8652.9502,8661.7998,8652.6504,8660.2998,0
3/26/2020 0:45,8661.7998,8678.1504,8660.9004,8676.7002,0
3/26/2020 0:46,8676.6504,8683.5996,8675.1504,8683.1504,0
3/26/2020 0:47,8683.5996,8690.9502,8679.2002,8689.8496,0
3/26/2020 0:48,8691.2002,8703.2002,8690.7002,8701,0
3/26/2020 0:49,8704.0996,8717.2998,8703.6504,8716.6504,0
3/26/2020 0:50,8716.75,8722.5498,8710.6504,8711.5498,0
3/26/2020 0:51,8712.5498,8728.7998,8712.5498,8728.5996,0
3/26/2020 0:52,8730.8496,8745.25,8729.2998,8742.4502,0
3/26/2020 0:53,8742.3496,8748.1504,8741,8745.4004,0
3/26/2020 0:54,8745.9004,8747.7002,8722.3496,8728.6504,0
3/26/2020 0:55,8728.8496,8729.6504,8708.3496,8709.6504,0
3/26/2020 0:56,8709.8496,8715.25,8703.3496,8703.3496,0
3/26/2020 0:57,8702.0498,8702.4502,8673.3496,8673.3496,0
3/26/2020 0:58,8670.25,8690.2002,8669.0996,8688.75,0
3/26/2020 0:59,8688.9502,8697.2998,8684.5996,8684.8496,0
3/26/2020 1:00,8684.7002,8685.3496,8655.75,8655.75,0
3/26/2020 1:01,8654,8664,8648.8496,8649.1504,0
3/26/2020 1:02,8650.7002,8655.8496,8624.8496,8624.8496,0
3/26/2020 1:03,8625.8496,8627.2002,8585.4502,8586,0
3/26/2020 1:04,8585.7998,8646.5,8585.7998,8646.5,0
3/26/2020 1:05,8649.9004,8687.4004,8648.4502,8687.4004,0
3/26/2020 1:06,8686.1504,8694.75,8668.5996,8687.9004,0
3/26/2020 1:07,8690.0996,8690.0996,8657.9004,8662.75,0
3/26/2020 1:08,8663.7998,8667,8649.2002,8667,0
3/26/2020 1:09,8667.5996,8682.7998,8666.8496,8682.2998,0
3/26/2020 1:10,8682.25,8687.0996,8673.5996,8684.25,0
3/26/2020 1:11,8684.5498,8697.3496,8681.5498,8691.7002,0
3/26/2020 1:12,8690.5,8714.9004,8686.7998,8710.2998,0
3/26/2020 1:13,8710.3496,8717.5,8704.75,8711.25,0
3/26/2020 1:14,8712.5996,8714.5996,8697,8697,0
3/26/2020 1:15,8697.5498,8703.5498,8686.9502,8698.4502,0
3/26/2020 1:16,8699.4502,8699.4502,8655.0996,8656,0
3/26/2020 1:17,8651.9502,8672.4004,8651.9502,8672.4004,0
3/26/2020 1:18,8672.5996,8673.2002,8658.75,8659.8496,0
3/26/2020 1:19,8660.9004,8660.9004,8635.25,8637.7998,0
3/26/2020 1:20,8636.7998,8642.9502,8628.4502,8631.7998,0
3/26/2020 1:21,8635.9004,8645.0996,8628.9502,8629.8496,0
3/26/2020 1:22,8630,8630,8602.6504,8605.4502,0
3/26/2020 1:23,8606.5498,8624.4502,8606.5498,8610.1504,0
3/26/2020 1:24,8609.7998,8643,8606.0498,8627.7998,0
3/26/2020 1:25,8630.5498,8631.7998,8625.25,8627,0
3/26/2020 1:26,8628.2998,8630.7002,8616.5498,8619.9502,0
3/26/2020 1:27,8617.9502,8620.25,8611.5498,8612.7002,0
3/26/2020 1:28,8610.9502,8610.9502,8599.4502,8601.8496,0
3/26/2020 1:29,8604,8611.4502,8592.5996,8611.4502,0
3/26/2020 1:30,8612.25,8625.2998,8612.25,8624.6504,0
3/26/2020 1:31,8625.7998,8641.4004,8623.5,8641.4004,0
3/26/2020 1:32,8640.4502,8642.6504,8634.1504,8634.1504,0
3/26/2020 1:33,8633.9004,8633.9004,8614.9502,8617.6504,0
3/26/2020 1:34,8615.0498,8615.3496,8602.7998,8604.7998,0
3/26/2020 1:35,8604.4502,8615.5996,8604.25,8607.0498,0
3/26/2020 1:36,8607.2998,8607.4004,8596.75,8596.75,0
3/26/2020 1:37,8597.9004,8597.9004,8585.75,8588.5996,0
3/26/2020 1:38,8588.8496,8598.5,8588.0498,8596.6504,0
3/26/2020 1:39,8597.1504,8597.1504,8577.6504,8577.6504,0
3/26/2020 1:40,8578.75,8578.75,8557.25,8564.5,0
3/26/2020 1:41,8562.8496,8570.25,8562.7998,8565.25,0
3/26/2020 1:42,8564.75,8565.6504,8535.2998,8535.2998,0
3/26/2020 1:43,8536,8561.5996,8533.5498,8558.6504,0
3/26/2020 1:44,8559.0498,8587.7002,8557.8496,8587.7002,0
3/26/2020 1:45,8588.6504,8611.5,8584.7998,8599.4502,0
3/26/2020 1:46,8600.25,8630.1504,8599.6504,8628.6504,0
3/26/2020 1:47,8629.0498,8629.0498,8613.1504,8613.5,0
3/26/2020 1:48,8614.4004,8614.4004,8606.5996,8610.6504,0
3/26/2020 1:49,8610.6504,8626.5498,8609.9502,8621.8496,0
3/26/2020 1:50,8622.4502,8623.25,8596.0498,8600.9004,0
3/26/2020 1:51,8606.5996,8618.0996,8593.5996,8599.5498,0
3/26/2020 1:52,8601.2998,8608.5498,8595.25,8605.7998,0
3/26/2020 1:53,8606.4502,8606.4502,8584.0498,8590.25,0
3/26/2020 1:54,8590.5996,8605.25,8589.7002,8595.2002,0
3/26/2020 1:55,8597,8598.0996,8570.5,8570.5996,0
3/26/2020 1:56,8571.75,8582.9004,8568.5498,8569.7002,0
3/26/2020 1:57,8569.9502,8569.9502,8555.4004,8555.4502,0
3/26/2020 1:58,8555.7002,8575.75,8554.2002,8569.9004,0
3/26/2020 1:59,8570,8587.6504,8570,8584.75,0
3/26/2020 2:00,8586.9502,8587.2002,8567.25,8570.5996,0
3/26/2020 2:01,8572.2998,8581.75,8555.0996,8555.0996,0
3/26/2020 2:02,8552.4502,8571,8552.4502,8562.2002,0
3/26/2020 2:03,8564.0498,8564.0498,8542.5996,8543.2002,0
3/26/2020 2:04,8543.2002,8555.9004,8524.7002,8524.7002,0
3/26/2020 2:05,8525.1504,8530.7002,8509.0498,8509.0498,0
3/26/2020 2:06,8510.0996,8536.1504,8510.0996,8534.7002,0
3/26/2020 2:07,8536.0498,8552.9004,8533.4502,8533.4502,0
3/26/2020 2:08,8534.2002,8539.6504,8510.8496,8512.6504,0
3/26/2020 2:09,8513.5996,8537.4502,8510,8524.4004,0
3/26/2020 2:10,8519.5498,8551.0996,8519.5498,8550.5,0
3/26/2020 2:11,8553.0498,8589.9004,8553.0498,8589.9004,0
3/26/2020 2:12,8592.9004,8624.5,8592.9004,8624.5,0
3/26/2020 2:13,8624.5,8647.5,8621.8496,8645.4502,0
3/26/2020 2:14,8645,8646.75,8612.9502,8617.9004,0
3/26/2020 2:15,8618.9502,8622.5498,8600.0996,8619.4004,0
3/26/2020 2:16,8622,8644.2002,8620.7998,8640.8496,0
3/26/2020 2:17,8640.8496,8649.0498,8616.1504,8617.5,0
3/26/2020 2:18,8617.5996,8639.4004,8611.7998,8639.2998,0
3/26/2020 2:19,8637.0498,8638.2002,8623.4004,8623.4004,0
3/26/2020 2:20,8622.9004,8634.5,8621.8496,8631.9004,0
3/26/2020 2:21,8631.9004,8644.5,8631.9004,8634.7998,0
3/26/2020 2:22,8638.5498,8646.9004,8635.9004,8646.25,0
3/26/2020 2:23,8646.7002,8646.9004,8632.6504,8633.4502,0
3/26/2020 2:24,8633.2002,8634.1504,8619.9004,8620.5498,0
3/26/2020 2:25,8618.7998,8627.4502,8608.75,8627.1504,0
3/26/2020 2:26,8627.7998,8629.9502,8615.7002,8624.4502,0
3/26/2020 2:27,8626.0498,8632.9004,8619.5996,8631.5,0
3/26/2020 2:28,8632.4004,8638,8626.8496,8638,0
3/26/2020 2:29,8639,8644.75,8635.25,8644.5996,0
3/26/2020 2:30,8644.5498,8658.9502,8643.0996,8657.9502,0
3/26/2020 2:31,8659.7998,8676.1504,8657.7998,8675.5996,0
3/26/2020 2:32,8676.2998,8688.25,8676,8678.8496,0
3/26/2020 2:33,8679.6504,8706.0996,8679.6504,8687.9502,0
3/26/2020 2:34,8687.8496,8700.8496,8686.6504,8697.75,0
3/26/2020 2:35,8697.4502,8700.9502,8675.3496,8675.3496,0
3/26/2020 2:36,8673.4004,8690.25,8671.5,8687.5996,0
3/26/2020 2:37,8686.7002,8696.7998,8681.7998,8696.7998,0
3/26/2020 2:38,8697.0996,8710.5498,8695.7998,8709.3496,0
3/26/2020 2:39,8710.0498,8721.2998,8710.0498,8714.9502,0
3/26/2020 2:40,8714.5498,8716.2998,8705.2002,8705.2002,0
3/26/2020 2:41,8706,8706,8698.9004,8703.4004,0
3/26/2020 2:42,8703.4502,8717.0996,8702.4502,8715.2998,0
3/26/2020 2:43,8715.7998,8717.25,8704.0996,8710.4004,0
3/26/2020 2:44,8710.9004,8726.1504,8709.75,8726.1504,0
3/26/2020 2:45,8725.25,8729.25,8715.5498,8724.25,0
3/26/2020 2:46,8724.5996,8724.5996,8705.7002,8706.25,0
3/26/2020 2:47,8708.0498,8708.0498,8672.3496,8672.7998,0
3/26/2020 2:48,8672.7998,8692.2002,8671.9004,8679.7998,0
3/26/2020 2:49,8681.1504,8681.9502,8666.9502,8668.5498,0
3/26/2020 2:50,8668.4502,8688.7002,8661.6504,8688.7002,0
3/26/2020 2:51,8688.8496,8692.4502,8684.1504,8690.8496,0
3/26/2020 2:52,8691.0996,8700.2002,8688.6504,8699.1504,0
3/26/2020 2:53,8700.0498,8700.0498,8685.2002,8685.7002,0
3/26/2020 2:54,8688.7002,8698.5996,8684.5,8696.4502,0
3/26/2020 2:55,8696.0996,8699.0498,8692.7002,8697.1504,0
3/26/2020 2:56,8694.2998,8694.5,8678.0498,8678.0498,0
3/26/2020 2:57,8677.2998,8684.1504,8675.0996,8676.5,0
3/26/2020 2:58,8676,8678.5996,8668.6504,8668.9004,0
3/26/2020 2:59,8668.3496,8681.7998,8663.6504,8680.6504,0
3/26/2020 3:00,8681.3496,8685.9004,8675.7998,8679.4004,0
3/26/2020 3:01,8680.7002,8685.5996,8679.5498,8680.9502,0
3/26/2020 3:02,8681.4502,8685.0996,8677.5498,8684.1504,0
3/26/2020 3:03,8684.4502,8694.25,8682.25,8694.1504,0
3/26/2020 3:04,8694.1504,8706.5996,8693.5996,8703.3496,0
3/26/2020 3:05,8704.2002,8704.3496,8693.4502,8693.4502,0
3/26/2020 3:06,8692.1504,8704,8690.7002,8699.9502,0
3/26/2020 3:07,8699.6504,8707.3496,8697.5498,8707,0
3/26/2020 3:08,8708.5,8715.9004,8708.5,8712.9502,0
3/26/2020 3:09,8713.3496,8713.3496,8704.7998,8705.4004,0
3/26/2020 3:10,8704.9502,8706,8696.1504,8696.9004,0
3/26/2020 3:11,8697.8496,8702.7998,8694.0996,8699.4502,0
3/26/2020 3:12,8699.2998,8699.2998,8686.9502,8688.75,0
3/26/2020 3:13,8689.2998,8695.8496,8684.5498,8695.0498,0
3/26/2020 3:14,8695.5498,8712.5498,8695.5498,8712.5,0
3/26/2020 3:15,8712.7998,8724.6504,8707.4004,8724.4004,0
3/26/2020 3:16,8726,8735.2002,8716.8496,8717.2002,0
3/26/2020 3:17,8717,8726.0996,8708.9502,8724.6504,0
3/26/2020 3:18,8725.4502,8725.4502,8708.9004,8708.9004,0
3/26/2020 3:19,8710.0498,8713.5,8709,8710.7002,0
3/26/2020 3:20,8711.5,8711.5,8700.2002,8703.9502,0
3/26/2020 3:21,8704.7998,8706.0996,8690.5,8697.6504,0
3/26/2020 3:22,8698.4502,8703.0996,8695.0498,8703.0996,0
3/26/2020 3:23,8703.75,8716.7002,8702.5,8708.4004,0
3/26/2020 3:24,8708.25,8723.9502,8708.25,8723.9502,0
3/26/2020 3:25,8725.1504,8725.1504,8718.4004,8719.2002,0
3/26/2020 3:26,8718.9502,8722.25,8714.6504,8714.6504,0
3/26/2020 3:27,8714.6504,8721.0996,8714.6504,8719.9502,0
3/26/2020 3:28,8720.4004,8731.5498,8719.0996,8729.1504,0
3/26/2020 3:29,8729.8496,8730.8496,8708,8708,0
3/26/2020 3:30,8708.5498,8721,8706.0996,8714.1504,0
3/26/2020 3:31,8714.5996,8714.75,8704.5498,8704.5498,0
3/26/2020 3:32,8705.3496,8709.8496,8686.6504,8687.75,0
3/26/2020 3:33,8686.7002,8690.6504,8664.2998,8690.6504,0
3/26/2020 3:34,8691.75,8700.5996,8677.9502,8681.5996,0
3/26/2020 3:35,8681.9004,8695.75,8681.7998,8694.6504,0
3/26/2020 3:36,8694,8694,8679.5498,8679.9004,0
3/26/2020 3:37,8680.1504,8687.9004,8676.7002,8678.9502,0
3/26/2020 3:38,8679.7998,8683.1504,8675.2998,8678.7002,0
3/26/2020 3:39,8678.3496,8702.3496,8678.3496,8699.25,0
3/26/2020 3:40,8701.25,8714.2002,8697.9004,8697.9004,0
3/26/2020 3:41,8697.7998,8711.2002,8697.0996,8710.9004,0
3/26/2020 3:42,8712.1504,8712.1504,8705.5498,8709.25,0
3/26/2020 3:43,8708.9004,8710.8496,8706.4502,8708.25,0
3/26/2020 3:44,8708.5498,8710.7998,8703.3496,8706.7002,0
3/26/2020 3:45,8707.4502,8709.8496,8703.6504,8706.5,0
3/26/2020 3:46,8706.7002,8724.5996,8706.4004,8720,0
3/26/2020 3:47,8718,8727.0996,8714.5498,8725.5,0
3/26/2020 3:48,8725.5996,8725.7998,8706.25,8711.9004,0
3/26/2020 3:49,8711.9502,8723.6504,8710.3496,8716.9502,0
3/26/2020 3:50,8718.0498,8718.0498,8704,8707.2998,0
3/26/2020 3:51,8707.2002,8709.4502,8698.2998,8698.2998,0
3/26/2020 3:52,8699.0498,8706.2002,8697.8496,8702.2998,0
3/26/2020 3:53,8702.4502,8705.9502,8701,8704.9004,0
3/26/2020 3:54,8705.4004,8705.4004,8674.8496,8687.2002,0
3/26/2020 3:55,8688.0498,8688.0498,8641.75,8641.8496,0
3/26/2020 3:56,8641.4004,8641.4004,8578.75,8580.8496,0
3/26/2020 3:57,8583.4502,8631.0498,8583.4502,8631.0498,0
3/26/2020 3:58,8632.6504,8634.5498,8583.6504,8585.2998,0
3/26/2020 3:59,8584.5996,8584.75,8569.75,8582.3496,0
3/26/2020 4:00,8582.25,8587.81,8551.64,8568.29,0
3/26/2020 4:01,8572.25,8607.9004,8563.5,8605.8496,0
3/26/2020 4:02,8603.9502,8607.4502,8565.4004,8567.0996,0
3/26/2020 4:03,8568.2998,8586.2002,8565.9004,8576.4502,0
3/26/2020 4:04,8575.5498,8576.5498,8551.4502,8573.5996,0
3/26/2020 4:05,8572.4004,8572.4004,8548.8496,8548.8496,0
3/26/2020 4:06,8551.1504,8573.75,8534.2998,8568.7998,0
3/26/2020 4:07,8566.7998,8566.7998,8531.75,8531.75,0
3/26/2020 4:08,8532.7998,8533.5498,8510.0498,8510.0498,0
3/26/2020 4:09,8513.9004,8546.5996,8512.2002,8525.25,0
3/26/2020 4:10,8529.1504,8552.4502,8526.9004,8541.0996,0
3/26/2020 4:11,8541.3496,8577.8496,8541.0996,8577.0498,0
3/26/2020 4:12,8576.7998,8579.2002,8550.8496,8568.5498,0
3/26/2020 4:13,8568.5,8582.6504,8559.4004,8580.8496,0
3/26/2020 4:14,8583.0996,8606.0996,8583.0996,8603.4502,0
3/26/2020 4:15,8602.9004,8602.9004,8573.0996,8573.7998,0
3/26/2020 4:16,8574.1504,8599.8496,8573.9004,8586.5498,0
3/26/2020 4:17,8586.9502,8586.9502,8557.5498,8567.1504,0
3/26/2020 4:18,8565.4502,8571.0498,8547.75,8550.3496,0
3/26/2020 4:19,8549.4502,8549.9004,8536.9502,8546.4502,0
3/26/2020 4:20,8549.5498,8559.1504,8546.5,8546.5,0
3/26/2020 4:21,8545.4502,8545.4502,8519.7002,8526.1504,0
3/26/2020 4:22,8523.2002,8539.4502,8517.3496,8539.4004,0
3/26/2020 4:23,8535.75,8554.8496,8535.75,8554.4004,0
3/26/2020 4:24,8553.7998,8554.8496,8527.9502,8529.4502,0
3/26/2020 4:25,8530.0996,8530.2002,8509.4502,8520.7998,0
3/26/2020 4:26,8520.6504,8544,8519.2002,8530.5996,0
3/26/2020 4:27,8531.0996,8543.4004,8530.25,8536.2998,0
3/26/2020 4:28,8537.5,8543.0996,8525,8527.1504,0
3/26/2020 4:29,8526.7002,8535.4004,8522.9502,8535.4004,0
3/26/2020 4:30,8536,8536.0498,8526.7998,8535.4502,0
3/26/2020 4:31,8537.1504,8538.4502,8515.6504,8515.6504,0
3/26/2020 4:32,8515.2998,8515.6504,8486.4502,8486.9004,0
3/26/2020 4:33,8486.8496,8486.8496,8454.0996,8462.75,0
3/26/2020 4:34,8461.5498,8533.75,8458.9502,8528.5996,0
3/26/2020 4:35,8527.1504,8535.0498,8476.8496,8479.0498,0
3/26/2020 4:36,8482.5498,8507.25,8482.5498,8492.8496,0
3/26/2020 4:37,8490.25,8494.8496,8481.6504,8482.0996,0
3/26/2020 4:38,8481.0498,8506.0498,8479,8502.1504,0
3/26/2020 4:39,8502.9502,8504,8479.25,8485.4502,0
3/26/2020 4:40,8486.9004,8499.8496,8485.75,8491.5498,0
3/26/2020 4:41,8490.9004,8524,8485.75,8524,0
3/26/2020 4:42,8524.0996,8533.8496,8521.2998,8523.75,0
3/26/2020 4:43,8524,8580.4502,8522.5,8572.6504,0
3/26/2020 4:44,8571.5498,8572.7998,8549.8496,8567,0
3/26/2020 4:45,8566.25,8571.7998,8543.9502,8544,0
3/26/2020 4:46,8542.1504,8542.6504,8519.1504,8522.5996,0
3/26/2020 4:47,8523.7002,8562.0498,8522.4004,8531.9004,0
3/26/2020 4:48,8536.4502,8548.4004,8533.4502,8548.4004,0
3/26/2020 4:49,8549.9502,8553.4502,8532.0498,8534.8496,0
3/26/2020 4:50,8534,8555.5498,8533.8496,8553.4004,0
3/26/2020 4:51,8552.4004,8563.0996,8551.9502,8553.4502,0
3/26/2020 4:52,8552.5996,8552.5996,8533.1504,8536.5,0
3/26/2020 4:53,8537.7998,8537.7998,8520.2998,8520.2998,0
3/26/2020 4:54,8523.25,8537.8496,8522.75,8528,0
3/26/2020 4:55,8527.3496,8527.5996,8519.2998,8520.25,0
3/26/2020 4:56,8520.2998,8532.7998,8519.6504,8520.9004,0
3/26/2020 4:57,8520.6504,8529.2002,8520.6504,8529.2002,0
3/26/2020 4:58,8528.9502,8542.9004,8528.3496,8542.2002,0
3/26/2020 4:59,8543.4502,8555.9502,8542.4502,8548.1504,0
3/26/2020 5:00,8547.8496,8560.5,8544.9004,8560.5,0
3/26/2020 5:01,8560.5,8593.5,8560.5,8588.4004,0
3/26/2020 5:02,8588.7002,8626,8588.7002,8626,0
3/26/2020 5:03,8625.6504,8626.2998,8588.4502,8590.4502,0
3/26/2020 5:04,8590.4004,8606.5,8588.0996,8601.9502,0
3/26/2020 5:05,8601.3496,8601.7002,8581.4502,8595.75,0
3/26/2020 5:06,8597.75,8612.4502,8596.0498,8611.2998,0
3/26/2020 5:07,8610.5,8618.7998,8602.2998,8615.1504,0
3/26/2020 5:08,8614.4502,8626.7998,8613.2998,8625.5996,0
3/26/2020 5:09,8625.0996,8625.0996,8609.2002,8609.5996,0
3/26/2020 5:10,8610.2002,8610.2002,8594.2998,8594.2998,0
3/26/2020 5:11,8593.5,8596.4502,8588.9502,8595.0498,0
3/26/2020 5:12,8596.0996,8596.5498,8575.0498,8576.25,0
3/26/2020 5:13,8575.2998,8598.5498,8574.3496,8598.5498,0
3/26/2020 5:14,8599.7002,8602.5498,8592.75,8593.0498,0
3/26/2020 5:15,8594.0996,8613.2002,8593.0498,8611.1504,0
3/26/2020 5:16,8610.7998,8629.75,8609.0996,8629.75,0
3/26/2020 5:17,8629.3496,8629.3496,8610.6504,8610.9502,0
3/26/2020 5:18,8612,8624.2002,8610.2998,8621.9502,0
3/26/2020 5:19,8621.3496,8651.5996,8621.3496,8651.0996,0
3/26/2020 5:20,8651.6504,8658.2998,8644.3496,8655.7002,0
3/26/2020 5:21,8655.3496,8664.7002,8653.4004,8663.7998,0
3/26/2020 5:22,8664.4004,8676.8496,8660,8673.9004,0
3/26/2020 5:23,8674.75,8683.8496,8674.3496,8680.1504,0
3/26/2020 5:24,8680.75,8704.4004,8680.75,8703.5,0
3/26/2020 5:25,8704.7998,8725.1504,8704.4502,8722.1504,0
3/26/2020 5:26,8722.0498,8723.5,8693,8695.5498,0
3/26/2020 5:27,8697.1504,8703.0498,8685.5996,8703.0498,0
3/26/2020 5:28,8704.75,8718,8704.75,8717,0
3/26/2020 5:29,8717.7002,8731.8496,8717.0996,8725.5,0
3/26/2020 5:30,8725.0996,8729.0996,8711.4004,8728.9502,0
3/26/2020 5:31,8728.7002,8729.5,8673.5498,8681.9004,0
3/26/2020 5:32,8681.9004,8683.0996,8647.8496,8652.3496,0
3/26/2020 5:33,8651.9004,8651.9004,8628.0498,8639.8496,0
3/26/2020 5:34,8639.7002,8659.75,8632.4502,8656.5,0
3/26/2020 5:35,8656.8496,8656.8496,8636.4502,8644.7002,0
3/26/2020 5:36,8645.3496,8645.4502,8629.6504,8629.6504,0
3/26/2020 5:37,8627.9004,8638.3496,8621,8637.9004,0
3/26/2020 5:38,8638.7998,8665.25,8638.5498,8656.8496,0
3/26/2020 5:39,8659.8496,8663.7998,8634.6504,8660.9004,0
3/26/2020 5:40,8661.4004,8662.4004,8642.9004,8644.3496,0
3/26/2020 5:41,8644.5,8644.5498,8627,8637.5,0
3/26/2020 5:42,8638.5,8640.75,8626.3496,8633.9502,0
3/26/2020 5:43,8633.5996,8634.9004,8622.8496,8622.8496,0
3/26/2020 5:44,8623.9004,8624.5498,8618.25,8622.5498,0
3/26/2020 5:45,8626.2998,8627.9502,8622.3496,8622.5,0
3/26/2020 5:46,8622.2002,8624.0498,8620.5498,8621.5,0
3/26/2020 5:47,8621.4004,8631.9502,8621.4004,8631.2002,0
3/26/2020 5:48,8632.9004,8634.5,8628.1504,8631.5498,0
3/26/2020 5:49,8630.9502,8631.5498,8623.9502,8627.5996,0
3/26/2020 5:50,8627.3496,8628.2002,8610.4502,8612.5996,0
3/26/2020 5:51,8613,8616.9004,8608.25,8608.25,0
3/26/2020 5:52,8608.3496,8611.8496,8607.3496,8611.5,0
3/26/2020 5:53,8611.8496,8621.5,8611.8496,8620.6504,0
3/26/2020 5:54,8620.6504,8642.5996,8617.3496,8638.5498,0
3/26/2020 5:55,8638.0996,8649.9502,8638.0996,8642.5498,0
3/26/2020 5:56,8642.7002,8651.2998,8642.7002,8649.75,0
3/26/2020 5:57,8650.5,8659.4004,8649.9502,8651.9004,0
3/26/2020 5:58,8651.6504,8654.6504,8649.0498,8654.4502,0
3/26/2020 5:59,8654.4502,8671.0996,8650.7002,8657.5996,0
3/26/2020 6:00,8661,8662.3496,8650.7002,8653.5,0
3/26/2020 23:46,8949.0996,8994.0996,8940.2002,8992.3496,0
3/26/2020 23:47,8995.5,9025.4502,8975.2998,8979.5996,0
3/26/2020 23:48,8978.7002,8996.1504,8971.5498,8974.1504,0
3/26/2020 23:49,8976.25,8977.75,8958.0996,8965.2998,0
3/26/2020 23:50,8966.2002,8987.0498,8966.2002,8969.5498,0
3/26/2020 23:51,8971.75,8977.5,8936.5996,8939.0996,0
3/26/2020 23:52,8943.4004,8946.7002,8925.1504,8932.9502,0
3/26/2020 23:53,8931.2998,8945.9502,8912.2002,8912.2002,0
3/26/2020 23:54,8913.0498,8931.0498,8910.75,8924.5,0
3/26/2020 23:55,8925.75,8950.0498,8924.2002,8949.4502,0
3/26/2020 23:56,8952.7002,8970.1504,8952.7002,8969.4502,0
3/26/2020 23:57,8969.7998,8972.5996,8949.0996,8963.0498,0
3/26/2020 23:58,8964.5996,8977.9502,8956.75,8977.9502,0
3/26/2020 23:59,8977.7002,8985.8496,8977.7002,8981.5,0
3/27/2020 0:00,8981.0996,8987.5,8980.8496,8982.3496,0
3/27/2020 0:01,8982.8496,9017.4004,8982.7998,9012.4004,0
3/27/2020 0:02,9009.2998,9037.25,9006.4004,9037.25,0
3/27/2020 0:03,9036.9502,9038.5,9022.25,9031.7998,0
3/27/2020 0:04,9032.5498,9035.6504,9020.0498,9020.5,0
3/27/2020 0:05,9018.25,9031.25,9013.4502,9023.6504,0
3/27/2020 0:06,9022,9027.9502,9014.0498,9014.0498,0
3/27/2020 0:07,9014.2002,9020.3496,9000.5,9000.5498,0
3/27/2020 0:08,9001.5,9009.9004,8997.9502,8997.9502,0
3/27/2020 0:09,8998.75,9012.1504,8994.6504,9011.75,0
3/27/2020 0:10,9012.2002,9025.7998,9010.1504,9025.7998,0
3/27/2020 0:11,9025.5996,9030.7998,9022.5498,9024.5498,0
3/27/2020 0:12,9024.8496,9025.4004,8993.5996,9001.4004,0
3/27/2020 0:13,9001.6504,9012.9004,8999.5996,9005.1504,0
3/27/2020 0:14,9005.9502,9007.75,8994.0498,8994.25,0
3/27/2020 0:15,8993.0996,8993.0996,8959.8496,8966.7002,0
3/27/2020 0:16,8962.25,8975.1504,8959.5498,8969,0
3/27/2020 0:17,8973.5498,8984.75,8971.7002,8984.75,0
3/27/2020 0:18,8984.2998,8985.4004,8973.1504,8975.7002,0
3/27/2020 0:19,8975.5,8985.4502,8975.5,8981,0
3/27/2020 0:20,8983.0498,8997.5498,8982.0498,8986.2002,0
3/27/2020 0:21,8985.5498,8986.6504,8976.25,8983,0
3/27/2020 0:22,8983.75,8996.6504,8982.8496,8989.8496,0
3/27/2020 0:23,8989.75,8992.9502,8981.0996,8982.7002,0
3/27/2020 0:24,8982.3496,8988.7998,8971.1504,8971.1504,0
3/27/2020 0:25,8971.3496,8975.2002,8966.3496,8975.2002,0
3/27/2020 0:26,8975.8496,8990.2998,8975,8985.6504,0
3/27/2020 0:27,8985.7002,8985.9502,8964.9004,8967.9502,0
3/27/2020 0:28,8967.2002,8969.0498,8957.9004,8958.3496,0
3/27/2020 0:29,8955.7998,8958.4502,8939.4502,8950.5996,0
3/27/2020 0:30,8947.5996,8952.9004,8942.4004,8947.75,0
3/27/2020 0:31,8947.5498,8947.7002,8931.0996,8939.9502,0
3/27/2020 0:32,8940.0996,8966.0498,8932.5498,8961.8496,0
3/27/2020 0:33,8961.9502,8962.75,8927.0498,8927.6504,0
3/27/2020 0:34,8930.9004,8941.8496,8914.5,8925.9004,0
3/27/2020 0:35,8927.4502,8930.5498,8917,8928.3496,0
3/27/2020 0:36,8928.0498,8930.3496,8920.6504,8926.3496,0
3/27/2020 0:37,8925,8926.4502,8891.7002,8894.1504,0
3/27/2020 0:38,8890.2998,8921.0498,8867.5996,8921.0498,0
3/27/2020 0:39,8924.1504,8998.9502,8924.1504,8998.9502,0
3/27/2020 0:40,8998.5,9024.2002,8966.6504,8997.4004,0
3/27/2020 0:41,8983.4502,8996.7998,8958.5996,8958.5996,0
3/27/2020 0:42,8958.1504,8961.9004,8926.6504,8939.1504,0
3/27/2020 0:43,8938.9004,8941.7998,8895,8895.9004,0
3/27/2020 0:44,8901.4004,8901.4004,8823.25,8859.2998,0
3/27/2020 0:45,8858.5,8858.5,8809.1504,8824.5996,0
3/27/2020 0:46,8821.4004,8870.9502,8817.0498,8851.2002,0
3/27/2020 0:47,8844.2998,8860.9502,8837.2998,8838.2002,0
3/27/2020 0:48,8838.8496,8839,8825.2998,8825.2998,0
3/27/2020 0:49,8824.1504,8824.1504,8772.1504,8772.1504,0
3/27/2020 0:50,8773.5498,8852.8496,8773.5498,8845.25,0
3/27/2020 0:51,8847.25,8860.3496,8812.1504,8834.6504,0
3/27/2020 0:52,8834.9502,8848.3496,8829.5498,8842.4004,0
3/27/2020 0:53,8844.3496,8866.0996,8828.25,8846.9004,0
3/27/2020 0:54,8843.7998,8862.9502,8834.75,8862.2002,0
3/27/2020 0:55,8864.6504,8919.5996,8859.4004,8896.9502,0
3/27/2020 0:56,8892.75,8913.7998,8874.0996,8901.5498,0
3/27/2020 0:57,8900.75,8900.7998,8875.9502,8876.2998,0
3/27/2020 0:58,8875.9004,8878.2998,8845,8864.75,0
3/27/2020 0:59,8862.3496,8875.7998,8859.9004,8864,0
3/27/2020 1:00,8863.7002,8863.7002,8839.8496,8840.8496,0
3/27/2020 1:01,8840.2002,8856.6504,8838.7002,8856.6504,0
3/27/2020 1:02,8854.9004,8858.1504,8842.2002,8844.0996,0
3/27/2020 1:03,8845.7002,8846.8496,8801.5498,8825.5,0
3/27/2020 1:04,8822.0996,8822.0996,8804.3496,8806.9502,0
3/27/2020 1:05,8806.9004,8806.9004,8782.75,8788,0
3/27/2020 1:06,8788.8496,8838.2998,8788.8496,8837,0
3/27/2020 1:07,8833.7998,8843.75,8813.0498,8822.1504,0
3/27/2020 1:08,8822.2998,8830.25,8800.7002,8800.7002,0
3/27/2020 1:09,8800.9004,8818,8799.5996,8813.3496,0
3/27/2020 1:10,8813.7998,8843.0996,8812.5498,8831.3496,0
3/27/2020 1:11,8828.2998,8844.9004,8828.2998,8835.5996,0
3/27/2020 1:12,8834.0498,8834.7998,8812.9502,8813.4502,0
3/27/2020 1:13,8813.3496,8813.75,8760.8496,8761.7998,0
3/27/2020 1:14,8760.5996,8812.0996,8753.8496,8783.75,0
3/27/2020 1:15,8783.5996,8786.7002,8765.9004,8773.1504,0
3/27/2020 1:16,8771.8496,8772.4004,8742.8496,8742.8496,0
3/27/2020 1:17,8740.0498,8766.7998,8730.0996,8756.1504,0
3/27/2020 1:18,8758.2002,8772.8496,8753.5,8772.7998,0
3/27/2020 1:19,8775.0996,8798.4004,8775.0996,8787.5498,0
3/27/2020 1:20,8786.7998,8790.1504,8757.75,8763.7002,0
3/27/2020 1:21,8766.2998,8776.7998,8757.5996,8757.5996,0
3/27/2020 1:22,8757.2998,8757.2998,8740.4502,8747.2998,0
3/27/2020 1:23,8747.2998,8762.8496,8747.2998,8752.7998,0
3/27/2020 1:24,8752.4502,8753.75,8735.8496,8739.7002,0
3/27/2020 1:25,8737.9502,8738.5996,8716.5,8716.5,0
3/27/2020 1:26,8716.2998,8736.6504,8695.8496,8695.8496,0
3/27/2020 1:27,8697.4502,8700.7998,8672,8681.4004,0
3/27/2020 1:28,8681.25,8696.5,8663.5996,8663.5996,0
3/27/2020 1:29,8662.2002,8673.4004,8651.2998,8666.5498,0
3/27/2020 1:30,8665.9004,8665.9004,8626.2998,8626.2998,0
3/27/2020 1:31,8626.75,8680,8626.5,8680,0
3/27/2020 1:32,8685.7002,8700.4502,8657.6504,8673.25,0
3/27/2020 1:33,8672.75,8674.0498,8656.9004,8672,0
3/27/2020 1:34,8672.2002,8692.25,8672.2002,8692.25,0
3/27/2020 1:35,8691.2002,8731.7998,8691.2002,8709.0996,0
3/27/2020 1:36,8712.5996,8718.5498,8682.4004,8687,0
3/27/2020 1:37,8688.7002,8688.7002,8659.2002,8665.0996,0
3/27/2020 1:38,8666.5498,8694.9004,8660.7998,8660.7998,0
3/27/2020 1:39,8660.25,8665.1504,8652.4502,8653.7998,0
3/27/2020 1:40,8654.4502,8661.4004,8639.5498,8639.5498,0
3/27/2020 1:41,8638.75,8646,8628,8630.4502,0
3/27/2020 1:42,8630.0498,8631,8604.7998,8610.9502,0
3/27/2020 1:43,8605.1504,8607.9502,8577.5498,8579.4502,0
3/27/2020 1:44,8578.2002,8617.3496,8576.4004,8589.5,0
3/27/2020 1:45,8590.5996,8591.0996,8568.1504,8570.3496,0
3/27/2020 1:46,8569.3496,8601.4004,8563,8587.4004,0
3/27/2020 1:47,8581.8496,8585.3496,8561,8561,0
3/27/2020 1:48,8561.5996,8564.75,8542,8543.7002,0
3/27/2020 1:49,8541.0498,8562.7002,8538.7998,8562.7002,0
3/27/2020 1:50,8561.25,8572.9004,8552.1504,8554.9502,0
3/27/2020 1:51,8556.25,8570.0996,8553.5996,8554.75,0
3/27/2020 1:52,8554.4502,8588.25,8551.7998,8587.4502,0
3/27/2020 1:53,8587.1504,8598.25,8567.6504,8580,0
3/27/2020 1:54,8579.2002,8612.2998,8576.7998,8612.2998,0
3/27/2020 1:55,8612.3496,8614.9502,8585.7998,8586,0
3/27/2020 1:56,8579.7002,8596.4502,8566.8496,8596.4502,0
3/27/2020 1:57,8596.7002,8635.2002,8596.0498,8618.7002,0
3/27/2020 1:58,8618.6504,8680.4502,8618.6504,8680.4502,0
3/27/2020 1:59,8678.0996,8691.6504,8658,8662.5498,0
3/27/2020 2:00,8662.5498,8662.5498,8621.6504,8621.6504,0
3/27/2020 2:01,8619.25,8653.9502,8618.2002,8641.2002,0
3/27/2020 2:02,8640.7998,8648.9004,8629.0498,8647.0996,0
3/27/2020 2:03,8646.2998,8663.2998,8637.2998,8663,0
3/27/2020 2:04,8663.8496,8674.6504,8652.4004,8662.4004,0
3/27/2020 2:05,8662.2002,8666.6504,8651.4502,8665.3496,0
3/27/2020 2:06,8663.4502,8667.0996,8638.4004,8642.25,0
3/27/2020 2:07,8643.5996,8645,8621.1504,8635.5,0
3/27/2020 2:08,8634.7002,8656.7998,8633.75,8654.6504,0
3/27/2020 2:09,8654.5,8654.9004,8637.5,8637.5,0
3/27/2020 2:10,8637.9502,8653.8496,8637.25,8643.9004,0
3/27/2020 2:11,8643.5,8663.0498,8643.5,8656.8496,0
3/27/2020 2:12,8656.9004,8657.25,8650.0996,8650.0996,0
3/27/2020 2:13,8650.0996,8652.5996,8635.7998,8647.1504,0
3/27/2020 2:14,8646.25,8651.25,8640.4004,8640.5,0
3/27/2020 2:15,8638.75,8652.2998,8638.75,8650.75,0
3/27/2020 2:16,8650.9502,8662.9502,8650.9502,8658.4502,0
3/27/2020 2:17,8658.5996,8659.2002,8627.75,8627.75,0
3/27/2020 2:18,8627.7998,8627.7998,8610.4502,8616.0996,0
3/27/2020 2:19,8617.1504,8617.1504,8598.2002,8610.7002,0
3/27/2020 2:20,8611,8618.2002,8603.75,8605.75,0
3/27/2020 2:21,8605.75,8618.2002,8605.75,8610.7002,0
3/27/2020 2:22,8618.1504,8648,8618.1504,8642.5498,0
3/27/2020 2:23,8641.7002,8642.9004,8623.0996,8631.5498,0
3/27/2020 2:24,8631.7002,8636.0498,8624.8496,8634.6504,0
3/27/2020 2:25,8635.4004,8659,8635.4004,8654.5996,0
3/27/2020 2:26,8654,8654.5498,8640.7002,8648.8496,0
3/27/2020 2:27,8648.9004,8685.9004,8648.5,8685.9004,0
3/27/2020 2:28,8686.8496,8700.0996,8674.0996,8700.0996,0
3/27/2020 2:29,8700.5,8719.5996,8697.9502,8705.7002,0
3/27/2020 2:30,8706.3496,8720.0996,8704,8715.7998,0
3/27/2020 2:31,8714.25,8744.3496,8714.25,8743.1504,0
3/27/2020 2:32,8742.25,8751.8496,8720.4502,8723.5498,0
3/27/2020 2:33,8723.7998,8723.7998,8696.0996,8722.25,0
3/27/2020 2:34,8723.0498,8725.0996,8715.1504,8716.6504,0
3/27/2020 2:35,8715.5,8717.1504,8697.7002,8715.4004,0
3/27/2020 2:36,8714.9004,8717.3496,8703.0996,8709.3496,0
3/27/2020 2:37,8708.0498,8708.8496,8669.5996,8671.2002,0
3/27/2020 2:38,8671.4004,8695.5996,8671.4004,8689.9502,0
3/27/2020 2:39,8689.9004,8690.7002,8672.75,8676.1504,0
3/27/2020 2:40,8676.5498,8693.7998,8675.7998,8693.7998,0
3/27/2020 2:41,8693.1504,8714.2002,8693.1504,8699.9004,0
3/27/2020 2:42,8700.7998,8708.6504,8694.5498,8701.8496,0
3/27/2020 2:43,8702.4004,8725.0996,8701.4502,8718.3496,0
3/27/2020 2:44,8717.2998,8721.7002,8711.4004,8713.2002,0
3/27/2020 2:45,8711.8496,8716.2998,8687.9502,8687.9502,0
3/27/2020 2:46,8687.9502,8687.9502,8661.7998,8671.5,0
3/27/2020 2:47,8673.4502,8680.5498,8667.7998,8671.75,0
3/27/2020 2:48,8672.0498,8674.8496,8655.3496,8660.2002,0
3/27/2020 2:49,8659.25,8678.5498,8659.25,8675.75,0
3/27/2020 2:50,8676.4004,8684.5498,8671.2002,8683.2998,0
3/27/2020 2:51,8683.3496,8711.7998,8683.2998,8698.5,0
3/27/2020 2:52,8698.7002,8698.7002,8674.7002,8678,0
3/27/2020 2:53,8682.9502,8701.7002,8682.9502,8694.9502,0
3/27/2020 2:54,8694.5996,8694.6504,8683.4004,8687.2002,0
3/27/2020 2:55,8687.0996,8688,8673.0498,8675.7002,0
3/27/2020 2:56,8676.1504,8685.0498,8676.1504,8681.2002,0
3/27/2020 2:57,8680.3496,8694.9004,8679.2998,8688.5996,0
3/27/2020 2:58,8689.0498,8708.2002,8688.0498,8703.6504,0
3/27/2020 2:59,8704.1504,8704.1504,8690.25,8695.5498,0
3/27/2020 3:00,8695.4502,8695.4502,8684.7998,8684.7998,0
3/27/2020 3:01,8685.25,8691.2998,8683.9502,8689.7998,0
3/27/2020 3:02,8689.9004,8701.0498,8686.3496,8687.0498,0
3/27/2020 3:03,8686.6504,8687,8665.4502,8666.9502,0
3/27/2020 3:04,8661.2998,8666.5498,8652.0498,8652.0498,0
3/27/2020 3:05,8651.9502,8658.4502,8649.8496,8657.1504,0
3/27/2020 3:06,8657.0996,8657.75,8644.2998,8649.7998,0
3/27/2020 3:07,8650.2998,8678.2998,8648.5,8668.4502,0
3/27/2020 3:08,8670.5,8672.5996,8660.4004,8661.5996,0
3/27/2020 3:09,8661.8496,8673.4502,8660.9502,8663.5498,0
3/27/2020 3:10,8663.4502,8669.5996,8650.9502,8653.9502,0
3/27/2020 3:11,8653.5996,8664.9502,8653.5996,8663.2998,0
3/27/2020 3:12,8662.9502,8677.9502,8662.8496,8666.3496,0
3/27/2020 3:13,8666.3496,8666.3496,8660.0498,8662.3496,0
3/27/2020 3:14,8662.8496,8663.5498,8647.5996,8649.7998,0
3/27/2020 3:15,8650.1504,8650.1504,8634.4004,8635.5498,0
3/27/2020 3:16,8635.4004,8656.4004,8634.4004,8642.4502,0
3/27/2020 3:17,8642.3496,8652.5996,8642.3496,8651.0996,0
3/27/2020 3:18,8648.0498,8648.0498,8634.6504,8637.7998,0
3/27/2020 3:19,8638,8640.1504,8629.5996,8629.5996,0
3/27/2020 3:20,8630.5498,8630.5498,8620.8496,8621.2998,0
3/27/2020 3:21,8621.8496,8641.25,8621.8496,8635.0498,0
3/27/2020 3:22,8634.7002,8650.9502,8634.7002,8650.7002,0
3/27/2020 3:23,8650.4004,8652.2002,8631.1504,8631.1504,0
3/27/2020 3:24,8628.5996,8630.9502,8621.8496,8622.5,0
3/27/2020 3:25,8623.8496,8626.7998,8613.8496,8620.25,0
3/27/2020 3:26,8620.0996,8626.7002,8613.2998,8624.2998,0
3/27/2020 3:27,8625.7002,8639.9502,8621.5,8628.9502,0
3/27/2020 3:28,8628.9004,8638.25,8627.25,8636.1504,0
3/27/2020 3:29,8634.9502,8640.9004,8630.5,8630.5,0
3/27/2020 3:30,8630.4502,8630.8496,8620.1504,8624.0996,0
3/27/2020 3:31,8624.4502,8633.4502,8621.7998,8625.4502,0
3/27/2020 3:32,8628.9004,8633.6504,8621.75,8622,0
3/27/2020 3:33,8622.6504,8626.3496,8601.7002,8603.75,0
3/27/2020 3:34,8604.1504,8621.3496,8600.9004,8604.2002,0
3/27/2020 3:35,8604.3496,8608.5,8599.5498,8608.2998,0
3/27/2020 3:36,8608.6504,8620.4004,8602.9004,8605.9004,0
3/27/2020 3:37,8607.0498,8608.2002,8600,8604.0996,0
3/27/2020 3:38,8603.7998,8607.8496,8591.2002,8591.6504,0
3/27/2020 3:39,8591.75,8596.2998,8578.5996,8582.7002,0
3/27/2020 3:40,8582.7002,8582.7002,8568.4502,8568.75,0
3/27/2020 3:41,8575.0996,8591.75,8568.4004,8590,0
3/27/2020 3:42,8595.0996,8604.75,8589.9502,8601.5,0
3/27/2020 3:43,8600.4502,8611.7002,8593.1504,8608.5,0
3/27/2020 3:44,8608.4502,8618.7002,8593.5996,8596.0498,0
3/27/2020 3:45,8594.6504,8603.9502,8586.25,8598.4502,0
3/27/2020 3:46,8593.6504,8606.9004,8590.5498,8606.9004,0
3/27/2020 3:47,8606.2998,8606.7998,8591.5,8591.6504,0
3/27/2020 3:48,8592.25,8597.1504,8581.5,8581.9502,0
3/27/2020 3:49,8582.1504,8595.0996,8582.1504,8594.4502,0
3/27/2020 3:50,8595.4502,8595.4502,8574,8579.2998,0
3/27/2020 3:51,8579.1504,8583.5498,8569.4004,8569.4004,0
3/27/2020 3:52,8568.0996,8568.0996,8557.7998,8558.1504,0
3/27/2020 3:53,8557.5498,8571.6504,8555.9004,8560.25,0
3/27/2020 3:54,8559.9502,8570.4502,8555.2998,8556.7002,0
3/27/2020 3:55,8556.6504,8556.6504,8542,8542,0
3/27/2020 3:56,8541.6504,8549.1504,8539.9004,8545.8496,0
3/27/2020 3:57,8544.9502,8544.9502,8523.7002,8523.7002,0
3/27/2020 3:58,8524.75,8538.0498,8523.9004,8538.0498,0
3/27/2020 3:59,8537.9004,8569.4004,8533.9004,8561.3496,0
3/27/2020 4:00,8562.1504,8589.6504,8562.1504,8564.1504,0
3/27/2020 4:01,8563.5498,8567,8545.4004,8546.4502,0
3/27/2020 4:02,8546.6504,8567.5498,8546.6504,8554.75,0
3/27/2020 4:03,8556.1504,8560.0498,8548.4502,8558.25,0
3/27/2020 4:04,8559.1504,8572.5,8553.3496,8572.5,0
3/27/2020 4:05,8573.3496,8585.0498,8569.7002,8584.0996,0
3/27/2020 4:06,8583.5996,8630.2002,8581.7002,8620.25,0
3/27/2020 4:07,8619.7998,8652.7998,8619.7998,8643.5,0
3/27/2020 4:08,8644.8496,8649.2998,8618.5498,8625.5996,0
3/27/2020 4:09,8624.1504,8639.0996,8624.1504,8632.7002,0
3/27/2020 4:10,8631.3496,8631.3496,8610.5498,8626.9502,0
3/27/2020 4:11,8627.5,8654.8496,8625.7998,8649.4004,0
3/27/2020 4:12,8651.2998,8654.3496,8632.7002,8649.75,0
3/27/2020 4:13,8649.3496,8670.0996,8648.3496,8663.25,0
3/27/2020 4:14,8662.75,8682.6504,8662.75,8682.6504,0
3/27/2020 4:15,8681.9004,8692.0498,8673.75,8673.7998,0
3/27/2020 4:16,8671.4502,8682.5996,8660.9502,8682.3496,0
3/27/2020 4:17,8682.8496,8686.4004,8672,8679.7002,0
3/27/2020 4:18,8680.1504,8680.1504,8641.8496,8654.3496,0
3/27/2020 4:19,8654.3496,8675.9004,8654.3496,8674.4004,0
3/27/2020 4:20,8673.7998,8705.2002,8673.2998,8700.6504,0
3/27/2020 4:21,8694.5498,8694.5498,8675.1504,8687.9502,0
3/27/2020 4:22,8684.4004,8690.6504,8682.8496,8688.5,0
3/27/2020 4:23,8687.5996,8705.5996,8685.5498,8705.5996,0
3/27/2020 4:24,8706.5498,8715.6504,8701.6504,8715.3496,0
3/27/2020 4:25,8712.5996,8714.8496,8699.5498,8703.9502,0
3/27/2020 4:26,8698.2002,8698.5498,8690.4004,8691.9004,0
3/27/2020 4:27,8690.5996,8690.8496,8666.5498,8679.2998,0
3/27/2020 4:28,8672.25,8673.4502,8666.0996,8667.8496,0
3/27/2020 4:29,8666.9004,8691,8665.7002,8688.6504,0
3/27/2020 4:30,8687.7998,8714.1504,8687.7998,8708.75,0
3/27/2020 4:31,8708.75,8710.1504,8697.4004,8702.5498,0
3/27/2020 4:32,8702.0498,8705,8688.5498,8697.75,0
3/27/2020 4:33,8695.9502,8705.9502,8694.9004,8705.5498,0
3/27/2020 4:34,8705.4004,8720.0498,8704.0498,8717.1504,0
3/27/2020 4:35,8717.7998,8727.5996,8710.1504,8727.5996,0
3/27/2020 4:36,8727.5996,8731.75,8711.4004,8713.1504,0
3/27/2020 4:37,8712.25,8713.8496,8700.2998,8709.7998,0
3/27/2020 4:38,8710,8720.3496,8710,8719.2002,0
3/27/2020 4:39,8719.0996,8731.7998,8718.1504,8727.4004,0
3/27/2020 4:40,8727.25,8734.6504,8723.5498,8734.6504,0
3/27/2020 4:41,8734.9004,8759.4004,8734.9004,8754.4502,0
3/27/2020 4:42,8755.3496,8759.4004,8744.6504,8746.2998,0
3/27/2020 4:43,8739.2998,8745.7002,8724.4502,8731.25,0
3/27/2020 4:44,8727.4004,8746.8496,8727.2998,8744.8496,0
3/27/2020 4:45,8743.5498,8759,8743.5498,8759,0
3/27/2020 4:46,8757.8496,8779.4502,8757.8496,8779.4502,0
3/27/2020 4:47,8779.8496,8792.2002,8774.6504,8791.7002,0
3/27/2020 4:48,8791.9502,8795,8772.2998,8783.4502,0
3/27/2020 4:49,8782,8801.1504,8782,8798.9502,0
3/27/2020 4:50,8799,8805.8496,8790.8496,8792.2998,0
3/27/2020 4:51,8791.3496,8809.9004,8791.3496,8798.7998,0
3/27/2020 4:52,8791.1504,8797.1504,8751.0996,8757.1504,0
3/27/2020 4:53,8754.5996,8774.9004,8751.5498,8771.9502,0
3/27/2020 4:54,8770.75,8776.0996,8759.75,8759.75,0
3/27/2020 4:55,8759.0996,8775.2002,8759.0996,8773.9502,0
3/27/2020 4:56,8774.0996,8792.4502,8774.0996,8787.2002,0
3/27/2020 4:57,8785.7002,8792.7002,8772.5498,8787.1504,0
3/27/2020 4:58,8786.7998,8809.1504,8784.5498,8803.9004,0
3/27/2020 4:59,8804.8496,8816.4502,8801.9004,8816.0498,0
3/27/2020 5:00,8814.9004,8837.7998,8814.9004,8837.75,0
3/27/2020 5:01,8837.9502,8840,8796.7998,8804.7002,0
3/27/2020 5:02,8806.2002,8814.2998,8784.2998,8789.1504,0
3/27/2020 5:03,8789.0498,8789.0498,8762.9502,8783.5,0
3/27/2020 5:04,8783,8783.6504,8755.5996,8757.3496,0
3/27/2020 5:05,8756.75,8756.75,8704.3496,8707.25,0
3/27/2020 5:06,8713.75,8715.25,8691.5996,8691.5996,0
3/27/2020 5:07,8689.6504,8723.9502,8686.7998,8708.5996,0
3/27/2020 5:08,8706.0996,8706.5996,8684.3496,8684.3496,0
3/27/2020 5:09,8685.3496,8700,8674.2002,8686,0
3/27/2020 5:10,8686.0498,8712.3496,8677.75,8694.2998,0
3/27/2020 5:11,8697.5996,8703.9004,8686.7998,8703.9004,0
3/27/2020 5:12,8705.2002,8725.9004,8705.2002,8705.7998,0
3/27/2020 5:13,8704.25,8706.9004,8681.0996,8682.0498,0
3/27/2020 5:14,8682.7002,8690,8671.5996,8671.5996,0
3/27/2020 5:15,8670.5,8680.2002,8668,8669.5996,0
3/27/2020 5:16,8669.4502,8682.25,8668.2998,8675.0498,0
3/27/2020 5:17,8675.3496,8688.25,8673,8674.9004,0
3/27/2020 5:18,8675.5,8683.1504,8663.8496,8663.8496,0
3/27/2020 5:19,8663.5996,8664.0498,8647.2002,8648.0996,0
3/27/2020 5:20,8649.2002,8672.6504,8649.2002,8651.3496,0
3/27/2020 5:21,8652.6504,8665.6504,8652.0498,8663.0996,0
3/27/2020 5:22,8662.7998,8674.0996,8661.9502,8668.7002,0
3/27/2020 5:23,8670.1504,8671.0996,8659.3496,8664.9502,0
3/27/2020 5:24,8663.8496,8664.75,8654.4004,8659.2002,0
3/27/2020 5:25,8655.6504,8655.6504,8644.25,8644.9502,0
3/27/2020 5:26,8644.5498,8665.9502,8642.9502,8662,0
3/27/2020 5:27,8662.9502,8704.4502,8662.9502,8694.0498,0
3/27/2020 5:28,8689.5,8700.2998,8671.7002,8682.3496,0
3/27/2020 5:29,8682,8693.25,8673.4502,8677.0498,0
3/27/2020 5:30,8677.7002,8681.5498,8668.0996,8668.0996,0
3/27/2020 5:31,8667.6504,8667.6504,8632.2002,8633.0498,0
3/27/2020 5:32,8632.0996,8644.4004,8629.9004,8644.4004,0
3/27/2020 5:33,8643.0498,8643.5,8622.8496,8624.7002,0
3/27/2020 5:34,8625.2002,8626.5996,8613.7002,8618.5,0
3/27/2020 5:35,8618.25,8629.7998,8611.8496,8622,0
3/27/2020 5:36,8621.7998,8639.0996,8617.0996,8637.8496,0
3/27/2020 5:37,8637.7002,8637.8496,8626.9502,8630.2002,0
3/27/2020 5:38,8630.4004,8631.4502,8624.3496,8629.75,0
3/27/2020 5:39,8627.5996,8640.6504,8625.4004,8640.6504,0
3/27/2020 5:40,8642.5,8653.4502,8638.9502,8652.4502,0
3/27/2020 5:41,8651.5996,8652.9502,8638,8642.4004,0
3/27/2020 5:42,8643,8655.0498,8641.9004,8649.7002,0
3/27/2020 5:43,8650,8658.4004,8648.9004,8656.5996,0
3/27/2020 5:44,8656.75,8670.5,8655.7998,8670.5,0
3/27/2020 5:45,8669.4004,8671.75,8658,8662.5996,0
3/27/2020 5:46,8663.4502,8672.8496,8663.4502,8670.7998,0
3/27/2020 5:47,8670.4004,8679.9004,8666.0996,8679.9004,0
3/27/2020 5:48,8678.0996,8690.7998,8675.2998,8690.5,0
3/27/2020 5:49,8692.1504,8694.1504,8684,8693,0
3/27/2020 5:50,8692.2998,8692.9004,8689.6504,8692.2998,0
3/27/2020 5:51,8691.3496,8695.25,8688.7998,8694.9502,0
3/27/2020 5:52,8695.2002,8696.6504,8683.25,8685.4502,0
3/27/2020 5:53,8686.3496,8689.4502,8679,8679,0
3/27/2020 5:54,8678.4004,8679.5,8665.8496,8666.8496,0
3/27/2020 5:55,8666.6504,8683.7002,8665.1504,8683.7002,0
3/27/2020 5:56,8684.8496,8688.1504,8672.2998,8672.2998,0
3/27/2020 5:57,8671.9502,8681,8671.9502,8672.7002,0
3/27/2020 5:58,8671.2998,8686.7002,8671.2998,8676.0996,0
3/27/2020 5:59,8675.4004,8682,8673.8496,8675.5996,0
3/27/2020 6:00,8674.74,8682.15,8673.25,8673.84,0
3/29/2020 23:46,8385.9502,8421.0498,8334.25,8379.0996,0
3/29/2020 23:47,8384,8418.5,8383.6504,8403.4004,0
3/29/2020 23:48,8400.25,8409.9004,8369.5498,8370.8496,0
3/29/2020 23:49,8370.5996,8372.5,8357,8371.4004,0
3/29/2020 23:50,8372.2002,8428.2002,8372.2002,8428.2002,0
3/29/2020 23:51,8432.3496,8466.7002,8419.1504,8455,0
3/29/2020 23:52,8448,8460.3496,8423.0498,8436.9502,0
3/29/2020 23:53,8449.6504,8450.5,8434.7002,8446.9004,0
3/29/2020 23:54,8446.4004,8448.8496,8411.9004,8414.0498,0
3/29/2020 23:55,8411.25,8432,8402.9004,8425.2998,0
3/29/2020 23:56,8425.25,8438.5498,8414.4502,8434.8496,0
3/29/2020 23:57,8435.3496,8437.2998,8412.1504,8421.25,0
3/29/2020 23:58,8422.5498,8424.5498,8408.4004,8412.3496,0
3/29/2020 23:59,8411.5498,8413.8496,8379.2998,8391.5,0
3/30/2020 0:00,8391.05,8405.07,8389.61,8400.45,0
3/30/2020 0:01,8399.1504,8401.4004,8378.9502,8395,0
3/30/2020 0:02,8395.2002,8431.5,8395.2002,8429.2002,0
3/30/2020 0:03,8430.1504,8478.7998,8426.8496,8478.7998,0
3/30/2020 0:04,8476,8479.9004,8446.75,8459.7002,0
3/30/2020 0:05,8461.2002,8482.7002,8458.7998,8482.25,0
3/30/2020 0:06,8480.2998,8480.2998,8456.2002,8456.2002,0
3/30/2020 0:07,8457.0498,8457.0498,8440.25,8442.3496,0
3/30/2020 0:08,8443.0498,8480.6504,8443.0498,8480.6504,0
3/30/2020 0:09,8485,8505.0498,8475.5,8505.0498,0
3/30/2020 0:10,8503.6504,8506.9004,8492.1504,8499.9004,0
3/30/2020 0:11,8499.75,8527.3496,8499.75,8519.1504,0
3/30/2020 0:12,8521.8496,8533.4502,8517,8522.5,0
3/30/2020 0:13,8523.2998,8524.7002,8502.6504,8503.8496,0
3/30/2020 0:14,8502.75,8506.2002,8496.6504,8497.8496,0
3/30/2020 0:15,8497.5498,8523.5498,8492.1504,8501.4004,0
3/30/2020 0:16,8500.0996,8531.6504,8500.0996,8529.2002,0
3/30/2020 0:17,8528.9004,8529.5498,8512.9004,8512.9004,0
3/30/2020 0:18,8513.75,8515.4502,8494.5996,8494.5996,0
3/30/2020 0:19,8492.4502,8506.1504,8483.5498,8487.8496,0
3/30/2020 0:20,8489.8496,8506.9004,8488.1504,8500.5996,0
3/30/2020 0:21,8501.3496,8513.0498,8493.75,8494.4004,0
3/30/2020 0:22,8495.7998,8502.3496,8478.1504,8481.9502,0
3/30/2020 0:23,8480.3496,8494.4502,8480.3496,8487.0498,0
3/30/2020 0:24,8484,8507.75,8482.3496,8502.75,0
3/30/2020 0:25,8502.7002,8518.8496,8500.25,8514.3496,0
3/30/2020 0:26,8515.2002,8518.6504,8502.5996,8511.7998,0
3/30/2020 0:27,8512.0498,8513.4004,8500.25,8500.25,0
3/30/2020 0:28,8498.9502,8535.0498,8498.9502,8534.6504,0
3/30/2020 0:29,8535.2998,8542.8496,8523.4004,8535,0
3/30/2020 0:30,8535.5996,8542.5996,8521.5498,8521.5498,0
3/30/2020 0:31,8521.4502,8525.7002,8511.6504,8524.4502,0
3/30/2020 0:32,8524.5,8534.5,8515.9502,8515.9502,0
3/30/2020 0:33,8513.9004,8530.7002,8513,8522.4502,0
3/30/2020 0:34,8523.5498,8528.6504,8514.7002,8527.4502,0
3/30/2020 0:35,8531.9004,8548.4502,8531,8531,0
3/30/2020 0:36,8532,8533.5996,8517.1504,8517.1504,0
3/30/2020 0:37,8517.0498,8527.75,8503.0996,8503.0996,0
3/30/2020 0:38,8503,8504.6504,8485.4502,8499.5996,0
3/30/2020 0:39,8498.9502,8502.4502,8491.1504,8491.1504,0
3/30/2020 0:40,8492.0498,8492.3496,8481.1504,8487.4502,0
3/30/2020 0:41,8487,8507.2998,8486.6504,8495.0996,0
3/30/2020 0:42,8494.9502,8499.2002,8489.3496,8491.8496,0
3/30/2020 0:43,8491.5,8491.5,8468.2998,8474.9004,0
3/30/2020 0:44,8475.4502,8475.4502,8463.6504,8470.6504,0
3/30/2020 0:45,8471.9004,8480,8469.2002,8479.7002,0
3/30/2020 0:46,8479.3496,8479.3496,8461.0498,8467.0498,0
3/30/2020 0:47,8467.2998,8480.25,8467.25,8471.0996,0
3/30/2020 0:48,8471.25,8471.25,8456.9502,8458.1504,0
3/30/2020 0:49,8457.5996,8463.0996,8448.75,8455.6504,0
3/30/2020 0:50,8455.2998,8474.25,8453.1504,8474.2002,0
3/30/2020 0:51,8489.7998,8496.2998,8488.1504,8491.3496,0
3/30/2020 0:52,8490.5498,8490.9502,8480.7998,8483.0498,0
3/30/2020 0:53,8484.6504,8514.4502,8484.6504,8508.9502,0
3/30/2020 0:54,8507.9502,8514.1504,8501.9004,8509.3496,0
3/30/2020 0:55,8510.4502,8512.4004,8502.75,8510.5,0
3/30/2020 0:56,8510.4502,8515.0498,8501.7002,8502.75,0
3/30/2020 0:57,8503,8509.75,8499.2998,8508.5,0
3/30/2020 0:58,8508.4502,8525.2998,8508.2002,8525.0498,0
3/30/2020 0:59,8526.3496,8530.6504,8517.4004,8523.2002,0
3/30/2020 1:00,8523.45,8530.46,8513.7,8518.65,0
3/30/2020 1:01,8517.7002,8530.1504,8517.5996,8530.1504,0
3/30/2020 1:02,8528.9502,8537.1504,8526.4502,8533.5498,0
3/30/2020 1:03,8532.9004,8542.5498,8530.3496,8541.2998,0
3/30/2020 1:04,8541.5498,8549.2998,8533.6504,8537.9004,0
3/30/2020 1:05,8539.0996,8541.25,8527.25,8527.25,0
3/30/2020 1:06,8526.4004,8532.7002,8522.9502,8526.3496,0
3/30/2020 1:07,8526.0996,8526.2998,8510.4004,8521.1504,0
3/30/2020 1:08,8521.7998,8526.4004,8515.25,8526.4004,0
3/30/2020 1:09,8525.25,8537.0498,8525.25,8533.9502,0
3/30/2020 1:10,8533.1504,8560.6504,8533.1504,8560.6504,0
3/30/2020 1:11,8560.9502,8566.4502,8556.4004,8556.4004,0
3/30/2020 1:12,8555.7002,8561.7002,8552.9004,8553,0
3/30/2020 1:13,8551.5996,8552.3496,8539.5,8547.0498,0
3/30/2020 1:14,8548.5,8557.6504,8545.5996,8557.6504,0
3/30/2020 1:15,8557.5498,8560.2998,8551,8552.9004,0
3/30/2020 1:16,8554.0498,8557.9502,8546,8550.3496,0
3/30/2020 1:17,8550.25,8575.25,8550.0996,8567.5,0
3/30/2020 1:18,8567,8570.4004,8563.5498,8563.5498,0
3/30/2020 1:19,8563.7998,8564.4004,8554.5996,8554.75,0
3/30/2020 1:20,8556.5,8561.2002,8550.1504,8550.4502,0
3/30/2020 1:21,8550.2002,8554.7998,8527.7002,8531,0
3/30/2020 1:22,8532.6504,8564.0498,8532.6504,8564.0498,0
3/30/2020 1:23,8568.5,8570.5498,8554.4502,8561.7998,0
3/30/2020 1:24,8561.0996,8563.9004,8557,8560.25,0
3/30/2020 1:25,8560.5498,8561.25,8545.2002,8553.8496,0
3/30/2020 1:26,8553.75,8558.2002,8540.9004,8545.5498,0
3/30/2020 1:27,8546.9004,8551.4502,8538.3496,8539.8496,0
3/30/2020 1:28,8539.7002,8540.9004,8534.25,8535.25,0
3/30/2020 1:29,8534.9502,8539.4004,8534.0498,8538.8496,0
3/30/2020 1:30,8537.5498,8555.2002,8535.2998,8555.2002,0
3/30/2020 1:31,8554.2998,8554.5498,8540.6504,8546.5996,0
3/30/2020 1:32,8546.5498,8560.2998,8545.7002,8555.25,0
3/30/2020 1:33,8555.5996,8555.5996,8543.0996,8543.0996,0
3/30/2020 1:34,8543.1504,8552.8496,8542.25,8543.25,0
3/30/2020 1:35,8542.5498,8543.7998,8534.9004,8542.25,0
3/30/2020 1:36,8540.7998,8545.9502,8534.6504,8534.75,0
3/30/2020 1:37,8535.2998,8535.2998,8517.5,8517.5,0
3/30/2020 1:38,8516.7002,8518.1504,8501.4502,8510.9004,0
3/30/2020 1:39,8510.5,8519.8496,8508.75,8519.0996,0
3/30/2020 1:40,8512.75,8514.4004,8503.6504,8503.8496,0
3/30/2020 1:41,8504,8511.25,8502.3496,8503.5,0
3/30/2020 1:42,8503.75,8510.2002,8503.3496,8509.7998,0
3/30/2020 1:43,8509.4502,8520.0498,8507.7002,8518.2002,0
3/30/2020 1:44,8517.4004,8518.25,8512.4502,8513.5498,0
3/30/2020 1:45,8511,8517.9502,8510.4502,8517.4502,0
3/30/2020 1:46,8516.9502,8527.2002,8516.8496,8521.1504,0
3/30/2020 1:47,8520.6504,8524.9502,8518.2002,8524.5,0
3/30/2020 1:48,8524.4004,8532.4004,8524.4004,8531.5498,0
3/30/2020 1:49,8532.2002,8532.4502,8521.7002,8521.7002,0
3/30/2020 1:50,8522,8523.5996,8513.3496,8518.4502,0
3/30/2020 1:51,8519.5996,8519.5996,8514.4004,8515.4004,0
3/30/2020 1:52,8515.1504,8516.7002,8501.9502,8501.9502,0
3/30/2020 1:53,8497.5,8497.5,8485.8496,8497.4502,0
3/30/2020 1:54,8496.5498,8506.2002,8493.8496,8502,0
3/30/2020 1:55,8502.5,8508.9004,8497.2002,8498.2002,0
3/30/2020 1:56,8497.4004,8500,8493.3496,8498.6504,0
3/30/2020 1:57,8498.8496,8500.7998,8490.5498,8490.7002,0
3/30/2020 1:58,8489.7002,8491.9502,8476.5996,8482.3496,0
3/30/2020 1:59,8482.2002,8490.0498,8481.7002,8486,0
3/30/2020 2:00,8485.5498,8489.7002,8484.5996,8486.4502,0
3/30/2020 2:01,8485.6504,8485.7998,8481.4502,8482.9004,0
3/30/2020 2:02,8483.1504,8485.0996,8475.7998,8484.2002,0
3/30/2020 2:03,8483.9004,8483.9004,8469.1504,8474.1504,0
3/30/2020 2:04,8474.6504,8481.0996,8472.9502,8478.0498,0
3/30/2020 2:05,8477.5996,8478.2002,8472.25,8474.8496,0
3/30/2020 2:06,8474.5996,8475.5498,8461.9004,8465.25,0
3/30/2020 2:07,8466.7002,8466.8496,8457,8461.3496,0
3/30/2020 2:08,8461.4502,8475.4502,8461,8470.4004,0
3/30/2020 2:09,8470.1504,8470.9004,8464.4004,8464.6504,0
3/30/2020 2:10,8465.4004,8465.4004,8457.4004,8459.3496,0
3/30/2020 2:11,8458.9502,8481.7002,8458.8496,8480.8496,0
3/30/2020 2:12,8481.25,8496.7002,8476.0498,8493.3496,0
3/30/2020 2:13,8493.9004,8494.0498,8480.3496,8487.2002,0
3/30/2020 2:14,8486.9004,8488.2002,8475.9502,8476.5996,0
3/30/2020 2:15,8476.0996,8481.4004,8470.75,8477.25,0
3/30/2020 2:16,8477.7998,8489.8496,8477.7998,8486.2002,0
3/30/2020 2:17,8486.75,8490.3496,8485.4004,8487.4502,0
3/30/2020 2:18,8486.9004,8490.4502,8484.0498,8489.2002,0
3/30/2020 2:19,8488.9004,8500.9502,8488.7002,8499.2002,0
3/30/2020 2:20,8499.1504,8508.7998,8498.5,8503,0
3/30/2020 2:21,8503.6504,8505.7998,8498.1504,8498.1504,0
3/30/2020 2:22,8498.9004,8502.7002,8495.9502,8501.7002,0
3/30/2020 2:23,8501.9502,8502.7998,8491.5,8494.5996,0
3/30/2020 2:24,8494.2002,8496.9502,8491.6504,8494.9004,0
3/30/2020 2:25,8494.8496,8497.0996,8488.4502,8489.25,0
3/30/2020 2:26,8487.6504,8487.6504,8465.9004,8473.5996,0
3/30/2020 2:27,8475.75,8479.25,8459.1504,8459.1504,0
3/30/2020 2:28,8459.0996,8461.7002,8448.1504,8455.7002,0
3/30/2020 2:29,8455.4502,8461.7998,8449.9004,8460.5,0
3/30/2020 2:30,8461.75,8463.4004,8454.5,8461.5996,0
3/30/2020 2:31,8462.2998,8465.3496,8458.25,8465.3496,0
3/30/2020 2:32,8462.5498,8463.75,8438.3496,8440.9004,0
3/30/2020 2:33,8442.2002,8453,8442.2002,8446.9004,0
3/30/2020 2:34,8447.2002,8447.7002,8438.9502,8443.5,0
3/30/2020 2:35,8443,8444.7998,8428.5,8428.9004,0
3/30/2020 2:36,8427.9004,8432.7002,8421.6504,8432,0
3/30/2020 2:37,8434.4502,8434.9004,8426.3496,8427.8496,0
3/30/2020 2:38,8427.6504,8434.4004,8424.75,8434.4004,0
3/30/2020 2:39,8435.0996,8435.7998,8429.5,8432.0996,0
3/30/2020 2:40,8432.7002,8433.5996,8421.75,8425.5498,0
3/30/2020 2:41,8425.5498,8426.5,8418.7998,8423.1504,0
3/30/2020 2:42,8423.25,8431.0498,8421.75,8423.5,0
3/30/2020 2:43,8422.75,8423.5498,8417.7002,8422.9004,0
3/30/2020 2:44,8423.2002,8423.2002,8423.2002,8423.2002,0
3/30/2020 2:45,8430.6504,8435.5,8430.6504,8434.9004,0
3/30/2020 2:46,8435.3496,8435.3496,8426.6504,8430.7002,0
3/30/2020 2:47,8430.7002,8432.5,8427.4502,8429.0498,0
3/30/2020 2:48,8429.0498,8445.6504,8428.1504,8445.2002,0
3/30/2020 2:49,8446,8447.0498,8439.5498,8444.2002,0
3/30/2020 2:50,8445.2002,8456.9502,8445.0996,8450.75,0
3/30/2020 2:51,8451.6504,8460.6504,8450.5,8459.4004,0
3/30/2020 2:52,8459.25,8467.4502,8453.0996,8454.25,0
3/30/2020 2:53,8454.5996,8461.0498,8454.5996,8455.3496,0
3/30/2020 2:54,8455.4502,8457.3496,8449.0996,8452.4004,0
3/30/2020 2:55,8452.3496,8452.4004,8440.7002,8448.5996,0
3/30/2020 2:56,8448.7002,8450.7998,8434.0996,8435.9004,0
3/30/2020 2:57,8435.75,8440.2998,8434.9502,8436.5,0
3/30/2020 2:58,8437.2998,8448,8437.2998,8442.1504,0
3/30/2020 2:59,8438.7998,8441.0498,8436.1504,8438.8496,0
3/30/2020 3:00,8439.25,8452.75,8438.0498,8442.75,0
3/30/2020 3:01,8443.25,8446.4004,8436.8496,8441.7998,0
3/30/2020 3:02,8442.0498,8442.9502,8435.6504,8435.75,0
3/30/2020 3:03,8436.0498,8436.0996,8429.0996,8432.9004,0
3/30/2020 3:04,8433.25,8433.7998,8425.6504,8425.8496,0
3/30/2020 3:05,8425.9004,8438.6504,8425.9004,8434.1504,0
3/30/2020 3:06,8434.2998,8434.2998,8429.0996,8429.7002,0
3/30/2020 3:07,8428.7998,8429.4502,8423.2998,8425.7998,0
3/30/2020 3:08,8425.5,8427.4004,8420.3496,8426.5,0
3/30/2020 3:09,8426.5498,8427.0498,8421,8421.5996,0
3/30/2020 3:10,8427.5996,8428.75,8426.2998,8426.8496,0
3/30/2020 3:11,8426.9004,8439.3496,8426.9004,8435.0498,0
3/30/2020 3:12,8436.4004,8436.75,8432.25,8432.7998,0
3/30/2020 3:15,8415.4004,8420.3496,8414.9502,8419.75,0
3/30/2020 3:16,8420.6504,8420.75,8407.5996,8412.2002,0
3/30/2020 3:17,8411.4502,8416.4004,8409,8409.5996,0
3/30/2020 3:18,8408.0498,8414.4004,8408.0498,8413.4502,0
3/30/2020 3:19,8413.5498,8413.8496,8408.3496,8409.25,0
3/30/2020 3:20,8408.5498,8409.9502,8400.2002,8400.2002,0
3/30/2020 3:21,8399.7998,8416.9502,8398.8496,8416.6504,0
3/30/2020 3:22,8416.0498,8423.75,8416.0498,8423.75,0
3/30/2020 3:23,8422.8496,8430.4502,8422.0996,8429.25,0
3/30/2020 3:24,8429.0996,8429.8496,8421.4502,8429.8496,0
3/30/2020 3:25,8429.3496,8431.25,8424.7998,8425.4502,0
3/30/2020 3:26,8424.2002,8424.4004,8409.3496,8414.75,0
3/30/2020 3:27,8414.2002,8415.5996,8408.1504,8412.4502,0
3/30/2020 3:28,8413.8496,8415.4004,8409.7002,8409.7002,0
3/30/2020 3:29,8409.5996,8421.5,8407.2002,8421.5,0
3/30/2020 3:30,8421.75,8428.5498,8420.25,8424.2998,0
3/30/2020 3:31,8424.9004,8425.1504,8416.2002,8421.8496,0
3/30/2020 3:32,8422.4502,8425.0996,8420.9004,8421.0996,0
3/30/2020 3:33,8421.4502,8421.4502,8414.7002,8415.2998,0
3/30/2020 3:34,8416.0498,8416.0498,8409.0996,8411.75,0
3/30/2020 3:35,8411.6504,8412.2998,8389.4004,8392.9004,0
3/30/2020 3:36,8391.8496,8395.0996,8383,8383.75,0
3/30/2020 3:37,8383.75,8397.1504,8383.25,8393.1504,0
3/30/2020 3:38,8392.2998,8398.6504,8392.2998,8393.7998,0
3/30/2020 3:39,8393.8496,8393.8496,8369.4004,8377.7998,0
3/30/2020 3:40,8378.1504,8388.0498,8376.9502,8378,0
3/30/2020 3:41,8378.3496,8383.2002,8373.7998,8376.2998,0
3/30/2020 3:42,8375.4004,8384.5996,8374.5996,8383.2998,0
3/30/2020 3:43,8382.9502,8386.3496,8374.0996,8378.7002,0
3/30/2020 3:44,8378,8391.7998,8373.9004,8391.7998,0
3/30/2020 3:45,8392.2002,8392.2002,8386.8496,8391.9502,0
3/30/2020 3:46,8391.7998,8407.25,8389.7002,8406.75,0
3/30/2020 3:47,8406.2998,8406.9502,8394.5,8397.9004,0
3/30/2020 3:48,8397.5498,8401.6504,8394.25,8394.7002,0
3/30/2020 3:49,8394.5,8408.4502,8392.1504,8405.6504,0
3/30/2020 3:50,8405.4502,8406.4004,8398.3496,8399.4004,0
3/30/2020 3:51,8398.2998,8401.25,8381.5,8384.9502,0
3/30/2020 3:52,8385.9004,8392.25,8385.9004,8390.9004,0
3/30/2020 3:53,8391,8401.2002,8386.25,8399.0996,0
3/30/2020 3:54,8400.1504,8402.25,8394.2998,8398.4004,0
3/30/2020 3:55,8397.5498,8399.7998,8393.5996,8395.25,0
3/30/2020 3:56,8393.0996,8394.5996,8387.5,8388.4004,0
3/30/2020 3:57,8389.25,8389.7998,8377.2002,8384.0996,0
3/30/2020 3:58,8382.7998,8383.5,8371.1504,8373.1504,0
3/30/2020 3:59,8373.3496,8383.25,8372.8496,8379.25,0
3/30/2020 4:00,8378.2002,8381.5996,8377.9004,8381.4502,0
3/30/2020 4:01,8381.4004,8391.9004,8381.25,8390.1504,0
3/30/2020 4:02,8386.8496,8387.75,8380.5996,8386.9502,0
3/30/2020 4:03,8386.9004,8392.8496,8384.75,8391.5,0
3/30/2020 4:04,8391.1504,8403.4004,8390.2998,8399.9502,0
3/30/2020 4:05,8399.7998,8408.9004,8396.2998,8408.9004,0
3/30/2020 4:06,8408.2002,8409.0498,8398.4004,8403.6504,0
3/30/2020 4:07,8403.2998,8421.8496,8399.6504,8421.8496,0
3/30/2020 4:08,8423.75,8424.75,8414.75,8415.2998,0
3/30/2020 4:09,8415.2998,8419.75,8412.5,8418,0
3/30/2020 4:10,8418.75,8420.7002,8413.25,8414.9502,0
3/30/2020 4:11,8414.75,8416.5996,8407.9502,8414,0
3/30/2020 4:12,8414.5996,8414.5996,8409.5996,8412.2998,0
3/30/2020 4:13,8412.5498,8423.25,8411.0498,8423.25,0
3/30/2020 4:14,8422.75,8424.4502,8417.2002,8422.9004,0
3/30/2020 4:15,8422.6504,8424.9004,8412.1504,8412.1504,0
3/30/2020 4:16,8412.5996,8413.4004,8398.2002,8405.4004,0
3/30/2020 4:17,8404.75,8411.8496,8403.7002,8410.5996,0
3/30/2020 4:18,8409.7002,8411.0996,8400.4502,8405.1504,0
3/30/2020 4:19,8404.5996,8404.5996,8393.8496,8395.6504,0
3/30/2020 4:20,8396,8400.9004,8395.5498,8400.5,0
3/30/2020 4:21,8400.0996,8400.4502,8396.5996,8398.4004,0
3/30/2020 4:22,8397.5498,8397.6504,8387,8387.5,0
3/30/2020 4:23,8388.0498,8388.0498,8374.7002,8375.8496,0
3/30/2020 4:24,8374.3496,8374.3496,8356.1504,8357.5,0
3/30/2020 4:25,8362.2998,8366.3496,8360.2998,8360.5498,0
3/30/2020 4:26,8360.8496,8367.7002,8359.4502,8367.7002,0
3/30/2020 4:27,8371.8496,8371.8496,8359.8496,8360.6504,0
3/30/2020 4:28,8359.2002,8368.75,8357.9502,8368.1504,0
3/30/2020 4:29,8368.4502,8374.6504,8367.9502,8371.25,0
3/30/2020 4:30,8371.8496,8373.4502,8363.7002,8364.4502,0
3/30/2020 4:31,8364.4502,8364.4502,8351,8354.5498,0
3/30/2020 4:32,8355.7998,8381.0498,8354.2002,8376.5996,0
3/30/2020 4:33,8376.5498,8389.75,8374.5,8386.7002,0
3/30/2020 4:34,8386.25,8388.1504,8383.1504,8387.4502,0
3/30/2020 4:35,8387.0498,8389.4004,8384.5498,8387,0
3/30/2020 4:36,8386.5996,8402.25,8386.5996,8398.4004,0
3/30/2020 4:37,8397.6504,8406.4004,8387.5498,8389.0498,0
3/30/2020 4:38,8389.6504,8389.6504,8363.75,8368.5498,0
3/30/2020 4:39,8368,8380.75,8365.0996,8366.8496,0
3/30/2020 4:40,8366.5,8380.0498,8363.3496,8374,0
3/30/2020 4:41,8374.4004,8384,8373.25,8384,0
3/30/2020 4:42,8383.9502,8385.7002,8377.8496,8377.8496,0
3/30/2020 4:43,8377.6504,8396.3496,8377.2998,8396.3496,0
3/30/2020 4:44,8397.0498,8400.9004,8394.2002,8395.2002,0
3/30/2020 4:45,8397.8496,8402.5,8397.6504,8400,0
3/30/2020 4:46,8398.8496,8401.5498,8387.5,8388.9502,0
3/30/2020 4:47,8389.75,8397.4004,8389.3496,8396.5,0
3/30/2020 4:48,8398.5,8400.4502,8393.2002,8393.75,0
3/30/2020 4:49,8393.25,8393.25,8380.0498,8385.5498,0
3/30/2020 4:50,8385.5,8394.25,8385.5,8390.2998,0
3/30/2020 4:51,8390.6504,8391.7002,8374.4004,8374.4004,0
3/30/2020 4:52,8374.1504,8378.9502,8365.9004,8365.9004,0
3/30/2020 4:53,8366.2998,8388.5996,8366.2998,8384.2998,0
3/30/2020 4:54,8384.2998,8385.2002,8374.3496,8376.4502,0
3/30/2020 4:55,8376.5498,8383.5996,8375.2998,8376.75,0
3/30/2020 4:56,8377.0498,8381.7998,8375.8496,8379.9004,0
3/30/2020 4:57,8379.2002,8379.9004,8375.1504,8376.25,0
3/30/2020 4:58,8375.9502,8375.9502,8368.0996,8372.25,0
3/30/2020 4:59,8371.5498,8379.2002,8370.2998,8375.7998,0
3/30/2020 5:00,8375.5996,8383.4502,8372.6504,8375.7002,0
3/30/2020 5:01,8375.0498,8395.7002,8372.9502,8389.1504,0
3/30/2020 5:02,8388.0996,8393.0996,8382.6504,8389.8496,0
3/30/2020 5:03,8391.0996,8391.2002,8381.7002,8383.2998,0
3/30/2020 5:04,8382.7002,8383.0498,8371.25,8371.9502,0
3/30/2020 5:05,8370.8496,8371.8496,8352.75,8354.4502,0
3/30/2020 5:06,8355.0996,8355.0996,8340.75,8348.25,0
3/30/2020 5:07,8348.3496,8357.2002,8348.3496,8355.9502,0
3/30/2020 5:08,8358.4502,8358.4502,8346.7998,8352.8496,0
3/30/2020 5:09,8352.6504,8360.4502,8352.6504,8359.0996,0
3/30/2020 5:10,8358.5498,8366.4004,8358.25,8361.0498,0
3/30/2020 5:11,8360.8496,8360.8496,8347.9004,8348.2002,0
3/30/2020 5:12,8349.2998,8352.3496,8344.3496,8347.3496,0
3/30/2020 5:13,8347.0498,8347.25,8331.25,8331.6504,0
3/30/2020 5:14,8331.5,8333.7002,8321.25,8323.25,0
3/30/2020 5:15,8322.2002,8326.9004,8319.0498,8319.25,0
3/30/2020 5:16,8319.5,8321.7998,8304.5,8304.5,0
3/30/2020 5:17,8305,8308.9502,8297.6504,8308.9502,0
3/30/2020 5:18,8308.8496,8310.5498,8280,8280,0
3/30/2020 5:19,8281.0996,8281.0996,8270.2998,8273.3496,0
3/30/2020 5:20,8268.5,8269.75,8253.5,8253.5,0
3/30/2020 5:21,8252.5996,8280.25,8249.9502,8279.0996,0
3/30/2020 5:22,8277.7998,8279.5,8258.5996,8266.7998,0
3/30/2020 5:23,8268.5996,8269.8496,8259.6504,8263.5,0
3/30/2020 5:24,8264.6504,8284.0498,8264.6504,8274.7002,0
3/30/2020 5:25,8275.75,8278.5,8271.9004,8274.75,0
3/30/2020 5:26,8274.5498,8277.7002,8261.5,8265.1504,0
3/30/2020 5:27,8263.1504,8267.5,8254.9502,8265.4004,0
3/30/2020 5:28,8265.3496,8272.8496,8263.5,8272.8496,0
3/30/2020 5:29,8273.2002,8284.7002,8272.1504,8277.3496,0
3/30/2020 5:30,8278.0498,8281.5498,8277.0996,8280.5996,0
3/30/2020 5:31,8280.9502,8280.9502,8259.9502,8263.5498,0
3/30/2020 5:32,8262.8496,8265.0498,8254,8254,0
3/30/2020 5:33,8254.5,8254.7998,8244.4502,8254.1504,0
3/30/2020 5:34,8253.8496,8255.2998,8246.4502,8248.2998,0
3/30/2020 5:35,8249.0498,8263.0498,8249.0498,8263.0498,0
3/30/2020 5:36,8263.0498,8265.8496,8251.6504,8259.75,0
3/30/2020 5:37,8259.2998,8272.8496,8257.7002,8272.8496,0
3/30/2020 5:38,8273.3496,8276.9502,8273.0996,8276.2002,0
3/30/2020 5:39,8276.5,8308.2998,8276.5,8306.9004,0
3/30/2020 5:40,8306.2002,8307.0996,8293.9502,8296.9502,0
3/30/2020 5:41,8297.0498,8301.2998,8287.2998,8299.9502,0
3/30/2020 5:42,8301.7998,8302.4004,8280.1504,8286.0996,0
3/30/2020 5:43,8285.2002,8297.9004,8285.2002,8291.2998,0
3/30/2020 5:44,8290.9004,8298.3496,8285.75,8296.2998,0
3/30/2020 5:45,8294.5,8305.4502,8292.0996,8304.5996,0
3/30/2020 5:46,8305.5996,8308.2002,8297.2998,8298.0996,0
3/30/2020 5:47,8298,8300.3496,8284.7998,8284.7998,0
3/30/2020 5:48,8286.2002,8290.4004,8277.2002,8277.2002,0
3/30/2020 5:49,8276.8496,8277.9502,8268.8496,8269.0498,0
3/30/2020 5:50,8268.0498,8274.75,8268.0498,8273.0498,0
3/30/2020 5:51,8272.4502,8277.1504,8267.75,8271.75,0
3/30/2020 5:52,8272.75,8287.3496,8259.75,8286.5,0
3/30/2020 5:53,8286.75,8286.75,8279.0498,8281.2002,0
3/30/2020 5:54,8280.4502,8281.7002,8274.5996,8274.5996,0
3/30/2020 5:55,8273.5498,8284.5,8273.2002,8282,0
3/30/2020 5:56,8282.9502,8287,8282.9502,8287,0
3/30/2020 5:57,8285.5,8287.4502,8281.9502,8285,0
3/30/2020 5:58,8284.5,8285.3496,8282.5,8283.2998,0
3/30/2020 5:59,8285.3496,8287.25,8280.5,8284.7002,0
3/30/2020 6:00,8284.6504,8294.2002,8284.6504,8291.7002,0
3/30/2020 23:46,8529.3496,8529.3496,8434.1504,8452.1504,0
3/30/2020 23:47,8450.7998,8466.0996,8445.0996,8462.4004,0
3/30/2020 23:48,8460.9004,8460.9004,8431.5498,8432.2002,0
3/30/2020 23:49,8433.2002,8452.0996,8419,8452.0996,0
3/30/2020 23:50,8454.9502,8459.0498,8444.75,8447.6504,0
3/30/2020 23:51,8446.7002,8446.7002,8418.6504,8432.7998,0
3/30/2020 23:52,8434.8496,8445.8496,8428.4004,8428.4004,0
3/30/2020 23:53,8428,8445.9502,8421.4004,8421.4004,0
3/30/2020 23:54,8426.5996,8453.7998,8426.5996,8453.3496,0
3/30/2020 23:55,8453.1504,8455.4502,8440.25,8440.25,0
3/30/2020 23:56,8440,8440,8398.3496,8398.3496,0
3/30/2020 23:57,8397.6504,8418.1504,8389.9004,8414.3496,0
3/30/2020 23:58,8414.2002,8414.2002,8390.2002,8395.4502,0
3/30/2020 23:59,8395,8404.5,8379.9502,8379.9502,0
3/31/2020 0:00,8380.54,8388.92,8375.36,8382.44,0
3/31/2020 0:01,8385.5498,8385.5498,8365.7002,8377.9502,0
3/31/2020 0:02,8377.25,8394,8377.25,8391.7998,0
3/31/2020 0:03,8393.3496,8394.8496,8370.75,8370.75,0
3/31/2020 0:04,8370.5996,8374.8496,8358.75,8371.4004,0
3/31/2020 0:05,8370.3496,8373.9502,8362,8363.6504,0
3/31/2020 0:06,8363.4004,8380.0498,8362.6504,8379.25,0
3/31/2020 0:07,8379.5498,8395.75,8378.9004,8394.2002,0
3/31/2020 0:08,8394.4004,8394.4502,8388.1504,8394.25,0
3/31/2020 0:09,8393.7998,8396.0996,8373.8496,8373.8496,0
3/31/2020 0:10,8374.1504,8388.5,8374.1504,8388.5,0
3/31/2020 0:11,8388.5498,8409.4502,8387.6504,8407.8496,0
3/31/2020 0:12,8407.25,8426.4502,8407.25,8426.4502,0
3/31/2020 0:13,8426.2002,8432.8496,8415.1504,8415.4004,0
3/31/2020 0:14,8415.4004,8425.4004,8414.5996,8424.9004,0
3/31/2020 0:15,8423.4502,8439.5996,8423.4502,8436.3496,0
3/31/2020 0:16,8437,8451.6504,8437,8447.75,0
3/31/2020 0:17,8449.4502,8460.4004,8448.9502,8457,0
3/31/2020 0:18,8457.0996,8458.2998,8448.4502,8452.2998,0
3/31/2020 0:19,8451.9502,8456.7998,8445.5498,8447.1504,0
3/31/2020 0:20,8447.5,8452.75,8436.8496,8439.7002,0
3/31/2020 0:21,8438.0498,8439.5996,8418.2002,8432.1504,0
3/31/2020 0:22,8432.3496,8455.2002,8431.0498,8451.8496,0
3/31/2020 0:23,8451.9502,8451.9502,8438.5,8442.5498,0
3/31/2020 0:24,8442.0996,8457.9004,8441.0996,8457.9004,0
3/31/2020 0:25,8458.2998,8464.5498,8449.9004,8464.5498,0
3/31/2020 0:26,8465.25,8476.7998,8457.1504,8459.0996,0
3/31/2020 0:27,8459.75,8460.3496,8436.3496,8436.3496,0
3/31/2020 0:28,8435.7998,8444.75,8435.7998,8436.2998,0
3/31/2020 0:29,8435.7998,8447.25,8432.2998,8446.2002,0
3/31/2020 0:30,8444.9004,8455.25,8441.4004,8445,0
3/31/2020 0:31,8446.0498,8446.3496,8422.0498,8423.2998,0
3/31/2020 0:32,8425,8436.4004,8424.7998,8430.7002,0
3/31/2020 0:33,8429.25,8429.25,8409.5,8410,0
3/31/2020 0:34,8409.9004,8425.2998,8405.5498,8418,0
3/31/2020 0:35,8417.25,8431.7002,8417,8430.3496,0
3/31/2020 0:36,8429.9502,8437.5,8426.7002,8431.0498,0
3/31/2020 0:37,8431.5498,8437.1504,8426.5498,8429.5498,0
3/31/2020 0:38,8429.9502,8433.8496,8426.5498,8426.5498,0
3/31/2020 0:39,8427.4004,8429.3496,8419.5498,8429.3496,0
3/31/2020 0:40,8431.75,8431.75,8422.0996,8422.8496,0
3/31/2020 0:41,8422.75,8434.5498,8421,8428.0498,0
3/31/2020 0:42,8427.9502,8428.6504,8422.7998,8422.7998,0
3/31/2020 0:43,8423.5498,8423.9502,8410.5,8412,0
3/31/2020 0:44,8411.6504,8425.4004,8410.5498,8424.9004,0
3/31/2020 0:45,8425.3496,8430.5498,8419,8426.6504,0
3/31/2020 0:46,8426.9004,8447.0498,8426.9004,8446.1504,0
3/31/2020 0:47,8446.4502,8453.5,8444.1504,8453.2002,0
3/31/2020 0:48,8453.3496,8455.2998,8446.3496,8454,0
3/31/2020 0:49,8453.7998,8457.9502,8452.4004,8454,0
3/31/2020 0:50,8454.4004,8466.0996,8453.7002,8464.5,0
3/31/2020 0:51,8464.75,8464.75,8450,8451.9004,0
3/31/2020 0:52,8451.6504,8456.6504,8443.5996,8454.5498,0
3/31/2020 0:53,8455.4502,8460.6504,8455.3496,8459.0498,0
3/31/2020 0:54,8459.25,8489.1504,8459,8488.75,0
3/31/2020 0:55,8486.0996,8486.0996,8473.5996,8478.2998,0
3/31/2020 0:56,8478.5498,8485.5,8477.4502,8482.0996,0
3/31/2020 0:57,8481.7002,8489.0996,8477.5498,8480.7998,0
3/31/2020 0:58,8478.9502,8487,8478.9502,8484.5996,0
3/31/2020 0:59,8484.2002,8484.8496,8470.3496,8471.25,0
3/31/2020 1:00,8471.7002,8476.25,8468.0498,8472.6504,0
3/31/2020 1:01,8473,8492.4004,8473,8492.4004,0
3/31/2020 1:02,8492.9502,8499.4502,8484.8496,8499.4502,0
3/31/2020 1:03,8499.0996,8508.25,8493.0996,8499.6504,0
3/31/2020 1:04,8500.1504,8502.25,8495.25,8495.25,0
3/31/2020 1:05,8495,8505,8490.6504,8498.7998,0
3/31/2020 1:06,8499.8496,8510.9502,8495.5,8498.7002,0
3/31/2020 1:07,8498.7002,8509.0996,8495.5996,8499.3496,0
3/31/2020 1:08,8499.5498,8507.9004,8492.4502,8507.9004,0
3/31/2020 1:09,8507.0498,8507.0498,8496.4502,8496.7998,0
3/31/2020 1:10,8496.5,8506.5,8495.7002,8506,0
3/31/2020 1:11,8506.2002,8512.75,8501.3496,8503.6504,0
3/31/2020 1:12,8503.5996,8505.0996,8499.5,8499.5,0
3/31/2020 1:13,8499.4004,8501.4502,8489.9004,8489.9004,0
3/31/2020 1:14,8491.25,8498.9004,8488.9004,8489.2002,0
3/31/2020 1:15,8488.3496,8488.9502,8477.9502,8485.6504,0
3/31/2020 1:16,8486.25,8491.4004,8479.0996,8479.0996,0
3/31/2020 1:17,8478.3496,8478.9004,8465.1504,8465.6504,0
3/31/2020 1:18,8466,8480.75,8463.3496,8479.4502,0
3/31/2020 1:19,8479.9502,8480.9004,8464.6504,8465.7998,0
3/31/2020 1:20,8465.4502,8469.25,8455.5,8469.25,0
3/31/2020 1:21,8467.1504,8473.0996,8467.1504,8471.9502,0
3/31/2020 1:22,8471.7002,8480.9502,8471.3496,8480.9502,0
3/31/2020 1:23,8480.9502,8483.8496,8477.4502,8479.7998,0
3/31/2020 1:24,8479.0996,8480.9004,8473.0996,8473.9004,0
3/31/2020 1:25,8475.9004,8479.7002,8471.7998,8472.7998,0
3/31/2020 1:26,8469.8496,8474.2998,8462.0498,8474.2998,0
3/31/2020 1:27,8474.2998,8486.3496,8474.2998,8486.1504,0
3/31/2020 1:28,8485.8496,8486.9004,8473.0498,8473.75,0
3/31/2020 1:29,8473.4502,8483.4004,8473.4004,8481.4004,0
3/31/2020 1:30,8481.6504,8486.0996,8481.0996,8483.1504,0
3/31/2020 1:31,8481.9502,8483.9502,8466.0498,8467.7998,0
3/31/2020 1:32,8467.5498,8467.6504,8457.8496,8465.3496,0
3/31/2020 1:33,8464.7998,8472.0996,8462.2002,8472.0996,0
3/31/2020 1:34,8471.7002,8476.5996,8471.1504,8471.1504,0
3/31/2020 1:35,8471.2002,8471.9502,8465.5996,8468.9502,0
3/31/2020 1:36,8469.5996,8473.1504,8467.9502,8468.5,0
3/31/2020 1:37,8469.25,8469.75,8459.5498,8459.5498,0
3/31/2020 1:38,8459.2002,8459.7998,8445.5498,8445.5498,0
3/31/2020 1:39,8446.25,8451.7002,8442.25,8443.2002,0
3/31/2020 1:40,8443.5498,8450.3496,8439.3496,8442.4502,0
3/31/2020 1:41,8442.4502,8453.1504,8440.5498,8453.1504,0
3/31/2020 1:42,8453.4502,8454.4004,8445.75,8449.0498,0
3/31/2020 1:43,8448.7998,8448.9004,8432.4502,8446.5498,0
3/31/2020 1:44,8451.25,8459.3496,8448.9502,8449.7002,0
3/31/2020 1:45,8450.0498,8455.7002,8447.0498,8455.7002,0
3/31/2020 1:46,8454.5,8471.2002,8453.2002,8466.8496,0
3/31/2020 1:47,8466.7002,8467.6504,8463.5,8466.9004,0
3/31/2020 1:48,8467.0996,8483.75,8466.9004,8479.7998,0
3/31/2020 1:49,8480.3496,8480.3496,8471.6504,8475.5498,0
3/31/2020 1:50,8475.5498,8477.75,8470.5498,8470.5498,0
3/31/2020 1:51,8469.2002,8479.3496,8469.2002,8478.5,0
3/31/2020 1:52,8478.1504,8486.25,8475.7002,8486.25,0
3/31/2020 1:53,8484.9502,8493.2998,8484.9502,8488.1504,0
3/31/2020 1:54,8487.8496,8488.2998,8483.1504,8486.0996,0
3/31/2020 1:55,8486.8496,8487.7002,8477.4004,8478.4004,0
3/31/2020 1:56,8478.8496,8503.4004,8478.8496,8499.4502,0
3/31/2020 1:57,8499.5498,8500.5498,8491.2998,8493.0996,0
3/31/2020 1:58,8493.7998,8497.6504,8487.5498,8487.9502,0
3/31/2020 1:59,8488,8498.3496,8488,8498.3496,0
3/31/2020 2:00,8497.9004,8505.5,8497.9004,8503,0
3/31/2020 2:01,8502.6504,8502.6504,8492.2998,8498.9502,0
3/31/2020 2:02,8498.7002,8500.0498,8494.0996,8496.75,0
3/31/2020 2:03,8496.7002,8506.2002,8496.2002,8499.0996,0
3/31/2020 2:04,8499.75,8500.9502,8491.6504,8492.0498,0
3/31/2020 2:05,8491.2998,8496.4004,8489.5996,8491.2998,0
3/31/2020 2:06,8490.7998,8499.2002,8488.6504,8497.3496,0
3/31/2020 2:07,8496.6504,8497.5,8488.5996,8497.5,0
3/31/2020 2:08,8497.2998,8501.0996,8493.0498,8494.4502,0
3/31/2020 2:09,8493.6504,8499,8492.5,8499,0
3/31/2020 2:10,8497.0996,8499.5498,8492.6504,8498.9004,0
3/31/2020 2:11,8500.0498,8509.4502,8498.4502,8508.1504,0
3/31/2020 2:12,8507.9502,8508.9502,8504.9004,8507.75,0
3/31/2020 2:13,8507.5996,8507.5996,8502.1504,8506.0498,0
3/31/2020 2:14,8505.7998,8522.5,8505.7998,8522.5,0
3/31/2020 2:15,8522.4502,8536.7998,8522.2998,8528.75,0
3/31/2020 2:16,8528,8534.0498,8528,8531.5996,0
3/31/2020 2:17,8531.8496,8532.0498,8519.9502,8520.7002,0
3/31/2020 2:18,8520.2002,8538.7002,8520.2002,8538.2998,0
3/31/2020 2:19,8539,8547.1504,8535.5996,8536.6504,0
3/31/2020 2:20,8536.4004,8539.5498,8533.7002,8539.5498,0
3/31/2020 2:21,8539.6504,8544.9502,8535.75,8537.1504,0
3/31/2020 2:22,8536.2998,8536.7998,8523.2002,8528.5,0
3/31/2020 2:23,8528.7998,8530.2998,8525.1504,8529.0498,0
3/31/2020 2:24,8528.1504,8533.9502,8524.9004,8533.9502,0
3/31/2020 2:25,8533.7998,8542.5498,8533.7998,8539.5498,0
3/31/2020 2:26,8539.3496,8541.6504,8533.5996,8533.7998,0
3/31/2020 2:27,8533.4004,8542.2998,8533.4004,8542,0
3/31/2020 2:28,8541.1504,8541.8496,8532.2998,8538.7002,0
3/31/2020 2:29,8538,8550.2998,8536.75,8549.4502,0
3/31/2020 2:30,8550.0996,8550.0996,8545.5,8547.6504,0
3/31/2020 2:31,8547.7998,8565.75,8547.5,8557.3496,0
3/31/2020 2:32,8556.9004,8558.9502,8553.0996,8558.75,0
3/31/2020 2:33,8558.0498,8559,8549.5498,8549.5498,0
3/31/2020 2:34,8548.5996,8557.2002,8548.5996,8552,0
3/31/2020 2:35,8551.4004,8552.3496,8543.9004,8546.9502,0
3/31/2020 2:36,8546.6504,8548.5,8537.0498,8537.0498,0
3/31/2020 2:37,8537.5498,8548.5,8537.0996,8540.7998,0
3/31/2020 2:38,8540.9004,8543.5,8537.5996,8537.9004,0
3/31/2020 2:39,8539,8549.2002,8539,8545.2002,0
3/31/2020 2:40,8544.5,8558.8496,8543.6504,8555.2998,0
